MT_pep,WT_pep,Gene,tpm,DriverGene_Lable,allele_frequency,tcr_clone_sum,tcr_clone_conut,avg_binding_score
ALVPPPGNCP,ALVPPQEIAP,PRCC,21.9604,TRUE,none,0.052349388,67,0.668369296
LAPPGNCPRCL,LVPPQEIAPDA,PRCC,21.9604,TRUE,none,0.904857855,255,0.745869526
LVPPPGNCPR,LVPPQEIAPD,PRCC,21.9604,TRUE,none,0.194419135,66,0.675563364
PALAPPGNCPR,PALVPPQEIAP,PRCC,21.9604,TRUE,none,0.045371574,16,0.606229978
PALVPPPG,PALVPPQE,PRCC,21.9604,TRUE,none,0.002807914,11,0.629765045
PALVPPPGN,PALVPPQEI,PRCC,21.9604,TRUE,none,0.001914486,7,0.702678729
PALVPPPGNCP,PALVPPQEIAP,PRCC,21.9604,TRUE,none,0.020909859,21,0.721011302
PAQDPALA,PAQDPALV,PRCC,21.9604,TRUE,none,0.879818308,279,0.621127858
PAQDPALAP,PAQDPALVP,PRCC,21.9604,TRUE,none,0.756984947,77,0.568076559
PAQDPALAPP,PAQDPALVPP,PRCC,21.9604,TRUE,none,0.111293709,84,0.584995584
ALVPPPGNCPR,ALVPPQEIAPD,PRCC,21.9604,TRUE,none,0.053093335,25,0.614534023
PAQDPALVPPP,PAQDPALVPPQ,PRCC,21.9604,TRUE,none,0.066580411,27,0.557247451
QDPALVPPP,QDPALVPPQ,PRCC,21.9604,TRUE,none,0.000255264,2,0.518819615
VPPPGNCPRCL,VPPQEIAPDAS,PRCC,21.9604,TRUE,none,0.000765794,3,0.643638343
YPAQDPALA,YPAQDPALV,PRCC,21.9604,TRUE,none,1.135612022,344,0.627502879
YPAQDPALAP,YPAQDPALVP,PRCC,21.9604,TRUE,none,1.431768782,279,0.638098696
YPAQDPALAPP,YPAQDPALVPP,PRCC,21.9604,TRUE,none,1.359528831,282,0.631063321
YYPAQDPALA,YYPAQDPALV,PRCC,21.9604,TRUE,none,1.003334451,150,0.639739516
GYYPAQDPALA,GYYPAQDPALV,PRCC,21.9604,TRUE,none,1.149618972,198,0.683646309
PAQDPALAPPG,PAQDPALVPPQ,PRCC,21.9604,TRUE,none,0.093680441,73,0.616149772
YYPAQDPALAP,YYPAQDPALVP,PRCC,21.9604,TRUE,none,2.452701657,249,0.630314717
DPALAPPGNCP,DPALVPPQEIA,PRCC,21.9604,TRUE,none,0.924051695,176,0.627604714
DPALVPPPGNC,DPALVPPQEIA,PRCC,21.9604,TRUE,none,0.077576901,80,0.633806018
DPALVPPPGN,DPALVPPQEI,PRCC,21.9604,TRUE,none,0.458195121,116,0.628896129
DPALVPPPG,DPALVPPQE,PRCC,21.9604,TRUE,none,0.154561103,56,0.637838244
DPALVPPP,DPALVPPQ,PRCC,21.9604,TRUE,none,0.001850668,10,0.587499015
DPALAPPGNC,DPALVPPQEI,PRCC,21.9604,TRUE,none,0.00165922,9,0.642137683
DPALAPPGN,DPALVPPQE,PRCC,21.9604,TRUE,none,1.060108435,143,0.667461458
DPALAPPG,DPALVPPQ,PRCC,21.9604,TRUE,none,0.266728141,51,0.593589606
AQDPALVPPPG,AQDPALVPPQE,PRCC,21.9604,TRUE,none,0.014081526,4,0.64630247
AQDPALVPPP,AQDPALVPPQ,PRCC,21.9604,TRUE,none,0.000893426,5,0.542324248
AQDPALAPP,AQDPALVPP,PRCC,21.9604,TRUE,none,0.037948783,69,0.654497231
PQGPPGGL,PQGPPRRP,INTS1,13.0594,FALSE,none,0.760652757,227,0.695243692
PQGPPPEASP,PQGPPRRPPP,INTS1,13.0594,FALSE,none,0.939234103,332,0.748434736
PQGPPGGLPL,PQGPPRRPPP,INTS1,13.0594,FALSE,none,3.600670057,1045,0.758291227
PQGPPPEA,PQGPPRRP,INTS1,13.0594,FALSE,none,0.461195648,104,0.682780715
PQGPPGGLP,PQGPPRRPP,INTS1,13.0594,FALSE,none,2.309204038,501,0.763133304
QGPPGGLPL,QGPPRRPPP,INTS1,13.0594,FALSE,none,4.186348714,1030,0.75698614
PQGPPPEASPS,PQGPPRRPPPH,INTS1,13.0594,FALSE,none,0.957272236,340,0.735087218
QGPPGGLP,QGPPRRPP,INTS1,13.0594,FALSE,none,1.928733558,415,0.73272497
PPGGLPLTSW,PPRRPPPHIL,INTS1,13.0594,FALSE,none,4.592547631,1150,0.812692431
QGPPGGLPLT,QGPPRRPPPH,INTS1,13.0594,FALSE,none,2.981114953,731,0.729757266
QGPPGGLPLTS,QGPPRRPPPHI,INTS1,13.0594,FALSE,none,2.086915564,515,0.748545235
SLDPQGPPGGL,SLDPQGPPRRP,INTS1,13.0594,FALSE,none,0.000127632,1,0.5489204
SPSHPGSS,PPHILDQV,INTS1,13.0594,FALSE,none,0.998435447,261,0.7605844
TSLDPQGPPG,TSLDPQGPPR,INTS1,13.0594,FALSE,none,0.001467773,2,0.6085141
TSLDPQGPPP,TSLDPQGPPR,INTS1,13.0594,FALSE,none,0.002680278,10,0.64777405
TSLDPQGPPPE,TSLDPQGPPRR,INTS1,13.0594,FALSE,none,0.001467773,2,0.68953705
PPGGLPLTSWI,PPRRPPPHILD,INTS1,13.0594,FALSE,none,4.475384582,1030,0.795434362
PQGPPGGLPLT,PQGPPRRPPPH,INTS1,13.0594,FALSE,none,4.808560235,1163,0.764519173
PPGGLPLTS,PPRRPPPHI,INTS1,13.0594,FALSE,none,1.613698868,374,0.749716335
GGLPLTSW,RRPPPHIL,INTS1,13.0594,FALSE,none,0.671938622,171,0.716558623
PPGGLPLT,PPRRPPPH,INTS1,13.0594,FALSE,none,2.352439381,407,0.769514636
GPPGGLPLTS,GPPRRPPPHI,INTS1,13.0594,FALSE,none,0.635410988,122,0.733125326
GPPGGLPLT,GPPRRPPPH,INTS1,13.0594,FALSE,none,0.331751603,125,0.692998849
GPPGGLPL,GPPRRPPP,INTS1,13.0594,FALSE,none,0.12613928,79,0.702294926
LDPQGPPGGLP,LDPQGPPRRPP,INTS1,13.0594,FALSE,none,1.080607107,339,0.701800338
DPQGPPPEASP,DPQGPPRRPPP,INTS1,13.0594,FALSE,none,1.322617706,276,0.703488263
LDPQGPPPEA,LDPQGPPRRP,INTS1,13.0594,FALSE,none,0.03173676,13,0.615211222
DPQGPPPEA,DPQGPPRRP,INTS1,13.0594,FALSE,none,0.009827692,30,0.590849802
DPQGPPGGLPL,DPQGPPRRPPP,INTS1,13.0594,FALSE,none,4.021774293,963,0.784441094
DPQGPPGGLP,DPQGPPRRPP,INTS1,13.0594,FALSE,none,3.120384352,744,0.731883618
DPQGPPGGL,DPQGPPRRP,INTS1,13.0594,FALSE,none,0.595965559,193,0.673724885
PEASPSHPGSS,RRPPPHILDQV,INTS1,13.0594,FALSE,none,1.540632804,428,0.76420741
PGGLPLTSWIK,PRRPPPHILDQ,INTS1,13.0594,FALSE,none,0.000829611,3,0.524880733
FFSSTLDFGVL,FFFPLPLILVC,MCHR2,0.0861212,FALSE,none,2.661973006,787,0.840606515
TITTFFSSTLD,TITTFFFPLPL,MCHR2,0.0861212,FALSE,none,1.770246438,413,0.733515325
FSSTLDFGVLY,FFPLPLILVCY,MCHR2,0.0861212,FALSE,none,4.083412313,972,0.822456577
YLTITTFFSST,YLTITTFFFPL,MCHR2,0.0861212,FALSE,none,0.000255265,1,0.6658807
TTFFSSTLDF,TTFFFPLPLI,MCHR2,0.0861212,FALSE,none,0.738218889,215,0.70809041
TTFFSSTL,TTFFFPLP,MCHR2,0.0861212,FALSE,none,3.90558389,1281,0.80626055
FFSSTLDFGV,FFFPLPLILV,MCHR2,0.0861212,FALSE,none,3.44594402,1049,0.811607619
ITTFFSSTL,ITTFFFPLP,MCHR2,0.0861212,FALSE,none,2.69783596,809,0.768659683
TLDFGVLYF,LPLILVCYI,MCHR2,0.0861212,FALSE,none,0.004339502,19,0.716240041
TLDFGVLY,LPLILVCY,MCHR2,0.0861212,FALSE,none,0.000765795,4,0.75549503
STLDFGVL,PLPLILVC,MCHR2,0.0861212,FALSE,none,0.267023612,142,0.744698293
TITTFFSSTL,TITTFFFPLP,MCHR2,0.0861212,FALSE,none,3.1974583,842,0.77522586
TFFSSTLDFGV,TFFFPLPLILV,MCHR2,0.0861212,FALSE,none,0.016251274,17,0.645559795
TFFSSTLDF,TFFFPLPLI,MCHR2,0.0861212,FALSE,none,0.383214573,132,0.745622724
STLDFGVLYF,PLPLILVCYI,MCHR2,0.0861212,FALSE,none,0.000574346,3,0.815279917
SSTLDFGVLYF,FPLPLILVCYI,MCHR2,0.0861212,FALSE,none,0.045265786,79,0.711838712
SSTLDFGVLY,FPLPLILVCY,MCHR2,0.0861212,FALSE,none,0.471214788,129,0.714918674
SSTLDFGVL,FPLPLILVC,MCHR2,0.0861212,FALSE,none,1.660078396,361,0.756496119
SSTLDFGV,FPLPLILV,MCHR2,0.0861212,FALSE,none,1.553785372,290,0.755604378
ITTFFSSTLDF,ITTFFFPLPLI,MCHR2,0.0861212,FALSE,none,1.086332222,273,0.720244685
FFSSTLDF,FFFPLPLI,MCHR2,0.0861212,FALSE,none,3.044236179,764,0.885875713
LTITTFFSSTL,LTITTFFFPLP,MCHR2,0.0861212,FALSE,none,0.010465854,30,0.675402818
LYLTITTFFSS,LYLTITTFFFP,MCHR2,0.0861212,FALSE,none,0.000510529,2,0.79307965
FSSTLDFGVL,FFPLPLILVC,MCHR2,0.0861212,FALSE,none,5.337354416,1474,0.8254807
FSSTLDFGV,FFPLPLILV,MCHR2,0.0861212,FALSE,none,4.20834259,1005,0.833504798
