#Position,HLA_type,Gene,Transcript_name,Mutation,AA_change,MT_pep,WT_pep,HLA_sequence,tpm,DriverGene_Lable,allele_frequency
chr1:156791743-156791744,HLA-A11:01,PRCC,ENST00000271526,1367-1368.gtc/gtCc,377.V/VX,DPALAPPG,DPALVPPQ,YYAMYQENVAQTDVDTLYIIYRDYTWAAQAYRWY,21.9604,TRUE,none
chr1:156791743-156791744,HLA-A11:01,PRCC,ENST00000271526,1367-1368.gtc/gtCc,377.V/VX,DPALVPPP,DPALVPPQ,YYAMYQENVAQTDVDTLYIIYRDYTWAAQAYRWY,21.9604,TRUE,none
chr1:156791743-156791744,HLA-B51:01,PRCC,ENST00000271526,1367-1368.gtc/gtCc,377.V/VX,PAQDPALA,PAQDPALV,YYATYRNIFTNTYENIAYWTYNYYTWAELAYLWH,21.9604,TRUE,none
chr1:156791743-156791744,HLA-B51:01,PRCC,ENST00000271526,1367-1368.gtc/gtCc,377.V/VX,DPALAPPG,DPALVPPQ,YYATYRNIFTNTYENIAYWTYNYYTWAELAYLWH,21.9604,TRUE,none
chr1:156791743-156791744,HLA-B51:01,PRCC,ENST00000271526,1367-1368.gtc/gtCc,377.V/VX,PALAPPGN,PALVPPQE,YYATYRNIFTNTYENIAYWTYNYYTWAELAYLWH,21.9604,TRUE,none
chr1:156791743-156791744,HLA-B51:01,PRCC,ENST00000271526,1367-1368.gtc/gtCc,377.V/VX,DPALVPPP,DPALVPPQ,YYATYRNIFTNTYENIAYWTYNYYTWAELAYLWH,21.9604,TRUE,none
chr1:156791743-156791744,HLA-B51:01,PRCC,ENST00000271526,1367-1368.gtc/gtCc,377.V/VX,PALVPPPG,PALVPPQE,YYATYRNIFTNTYENIAYWTYNYYTWAELAYLWH,21.9604,TRUE,none
chr1:156791743-156791744,HLA-B51:01,PRCC,ENST00000271526,1367-1368.gtc/gtCc,377.V/VX,ALVPPPGN,ALVPPQEI,YYATYRNIFTNTYENIAYWTYNYYTWAELAYLWH,21.9604,TRUE,none
chr1:156791743-156791744,HLA-B35:01,PRCC,ENST00000271526,1367-1368.gtc/gtCc,377.V/VX,PAQDPALA,PAQDPALV,YYATYRNIFTNTYESNLYIRYDSYTWAVLAYLWY,21.9604,TRUE,none
chr1:156791743-156791744,HLA-B35:01,PRCC,ENST00000271526,1367-1368.gtc/gtCc,377.V/VX,AQDPALAP,AQDPALVP,YYATYRNIFTNTYESNLYIRYDSYTWAVLAYLWY,21.9604,TRUE,none
chr1:156791743-156791744,HLA-B35:01,PRCC,ENST00000271526,1367-1368.gtc/gtCc,377.V/VX,DPALAPPG,DPALVPPQ,YYATYRNIFTNTYESNLYIRYDSYTWAVLAYLWY,21.9604,TRUE,none
chr1:156791743-156791744,HLA-B35:01,PRCC,ENST00000271526,1367-1368.gtc/gtCc,377.V/VX,PALAPPGN,PALVPPQE,YYATYRNIFTNTYESNLYIRYDSYTWAVLAYLWY,21.9604,TRUE,none
chr1:156791743-156791744,HLA-B35:01,PRCC,ENST00000271526,1367-1368.gtc/gtCc,377.V/VX,DPALVPPP,DPALVPPQ,YYATYRNIFTNTYESNLYIRYDSYTWAVLAYLWY,21.9604,TRUE,none
chr1:156791743-156791744,HLA-B35:01,PRCC,ENST00000271526,1367-1368.gtc/gtCc,377.V/VX,PALVPPPG,PALVPPQE,YYATYRNIFTNTYESNLYIRYDSYTWAVLAYLWY,21.9604,TRUE,none
chr1:156791743-156791744,HLA-B35:01,PRCC,ENST00000271526,1367-1368.gtc/gtCc,377.V/VX,VPPPGNCP,VPPQEIAP,YYATYRNIFTNTYESNLYIRYDSYTWAVLAYLWY,21.9604,TRUE,none
chr1:156791743-156791744,HLA-C03:03,PRCC,ENST00000271526,1367-1368.gtc/gtCc,377.V/VX,PAQDPALA,PAQDPALV,YYAGYREKYRQTDVSNLYIRYDYYTWAELAYLWY,21.9604,TRUE,none
chr1:156791743-156791744,HLA-C03:03,PRCC,ENST00000271526,1367-1368.gtc/gtCc,377.V/VX,DPALVPPP,DPALVPPQ,YYAGYREKYRQTDVSNLYIRYDYYTWAELAYLWY,21.9604,TRUE,none
chr1:156791743-156791744,HLA-C03:03,PRCC,ENST00000271526,1367-1368.gtc/gtCc,377.V/VX,PALVPPPG,PALVPPQE,YYAGYREKYRQTDVSNLYIRYDYYTWAELAYLWY,21.9604,TRUE,none
chr1:156791743-156791744,HLA-C14:02,PRCC,ENST00000271526,1367-1368.gtc/gtCc,377.V/VX,PAQDPALA,PAQDPALV,YSAGYREKYRQTDVSNLYLWFDSYTWAERAYTWY,21.9604,TRUE,none
chr1:156791743-156791744,HLA-C14:02,PRCC,ENST00000271526,1367-1368.gtc/gtCc,377.V/VX,DPALAPPG,DPALVPPQ,YSAGYREKYRQTDVSNLYLWFDSYTWAERAYTWY,21.9604,TRUE,none
chr1:156791743-156791744,HLA-C14:02,PRCC,ENST00000271526,1367-1368.gtc/gtCc,377.V/VX,DPALVPPP,DPALVPPQ,YSAGYREKYRQTDVSNLYLWFDSYTWAERAYTWY,21.9604,TRUE,none
chr1:156791743-156791744,HLA-A11:01,PRCC,ENST00000271526,1367-1368.gtc/gtCc,377.V/VX,LAPPGNCPR,LVPPQEIAP,YYAMYQENVAQTDVDTLYIIYRDYTWAAQAYRWY,21.9604,TRUE,none
chr1:156791743-156791744,HLA-A11:01,PRCC,ENST00000271526,1367-1368.gtc/gtCc,377.V/VX,DPALVPPPG,DPALVPPQE,YYAMYQENVAQTDVDTLYIIYRDYTWAAQAYRWY,21.9604,TRUE,none
chr1:156791743-156791744,HLA-A11:01,PRCC,ENST00000271526,1367-1368.gtc/gtCc,377.V/VX,VPPPGNCPR,VPPQEIAPD,YYAMYQENVAQTDVDTLYIIYRDYTWAAQAYRWY,21.9604,TRUE,none
chr1:156791743-156791744,HLA-B51:01,PRCC,ENST00000271526,1367-1368.gtc/gtCc,377.V/VX,YPAQDPALA,YPAQDPALV,YYATYRNIFTNTYENIAYWTYNYYTWAELAYLWH,21.9604,TRUE,none
chr1:156791743-156791744,HLA-B51:01,PRCC,ENST00000271526,1367-1368.gtc/gtCc,377.V/VX,PAQDPALAP,PAQDPALVP,YYATYRNIFTNTYENIAYWTYNYYTWAELAYLWH,21.9604,TRUE,none
chr1:156791743-156791744,HLA-B51:01,PRCC,ENST00000271526,1367-1368.gtc/gtCc,377.V/VX,AQDPALAPP,AQDPALVPP,YYATYRNIFTNTYENIAYWTYNYYTWAELAYLWH,21.9604,TRUE,none
chr1:156791743-156791744,HLA-B51:01,PRCC,ENST00000271526,1367-1368.gtc/gtCc,377.V/VX,DPALAPPGN,DPALVPPQE,YYATYRNIFTNTYENIAYWTYNYYTWAELAYLWH,21.9604,TRUE,none
chr1:156791743-156791744,HLA-B51:01,PRCC,ENST00000271526,1367-1368.gtc/gtCc,377.V/VX,DPALVPPPG,DPALVPPQE,YYATYRNIFTNTYENIAYWTYNYYTWAELAYLWH,21.9604,TRUE,none
chr1:156791743-156791744,HLA-B51:01,PRCC,ENST00000271526,1367-1368.gtc/gtCc,377.V/VX,PALVPPPGN,PALVPPQEI,YYATYRNIFTNTYENIAYWTYNYYTWAELAYLWH,21.9604,TRUE,none
chr1:156791743-156791744,HLA-B51:01,PRCC,ENST00000271526,1367-1368.gtc/gtCc,377.V/VX,VPPPGNCPR,VPPQEIAPD,YYATYRNIFTNTYENIAYWTYNYYTWAELAYLWH,21.9604,TRUE,none
chr1:156791743-156791744,HLA-B35:01,PRCC,ENST00000271526,1367-1368.gtc/gtCc,377.V/VX,YPAQDPALA,YPAQDPALV,YYATYRNIFTNTYESNLYIRYDSYTWAVLAYLWY,21.9604,TRUE,none
chr1:156791743-156791744,HLA-B35:01,PRCC,ENST00000271526,1367-1368.gtc/gtCc,377.V/VX,PAQDPALAP,PAQDPALVP,YYATYRNIFTNTYESNLYIRYDSYTWAVLAYLWY,21.9604,TRUE,none
chr1:156791743-156791744,HLA-B35:01,PRCC,ENST00000271526,1367-1368.gtc/gtCc,377.V/VX,AQDPALAPP,AQDPALVPP,YYATYRNIFTNTYESNLYIRYDSYTWAVLAYLWY,21.9604,TRUE,none
chr1:156791743-156791744,HLA-B35:01,PRCC,ENST00000271526,1367-1368.gtc/gtCc,377.V/VX,DPALAPPGN,DPALVPPQE,YYATYRNIFTNTYESNLYIRYDSYTWAVLAYLWY,21.9604,TRUE,none
chr1:156791743-156791744,HLA-B35:01,PRCC,ENST00000271526,1367-1368.gtc/gtCc,377.V/VX,DPALVPPPG,DPALVPPQE,YYATYRNIFTNTYESNLYIRYDSYTWAVLAYLWY,21.9604,TRUE,none
chr1:156791743-156791744,HLA-B35:01,PRCC,ENST00000271526,1367-1368.gtc/gtCc,377.V/VX,PALVPPPGN,PALVPPQEI,YYATYRNIFTNTYESNLYIRYDSYTWAVLAYLWY,21.9604,TRUE,none
chr1:156791743-156791744,HLA-C03:03,PRCC,ENST00000271526,1367-1368.gtc/gtCc,377.V/VX,YPAQDPALA,YPAQDPALV,YYAGYREKYRQTDVSNLYIRYDYYTWAELAYLWY,21.9604,TRUE,none
chr1:156791743-156791744,HLA-C03:03,PRCC,ENST00000271526,1367-1368.gtc/gtCc,377.V/VX,PAQDPALAP,PAQDPALVP,YYAGYREKYRQTDVSNLYIRYDYYTWAELAYLWY,21.9604,TRUE,none
chr1:156791743-156791744,HLA-C14:02,PRCC,ENST00000271526,1367-1368.gtc/gtCc,377.V/VX,YPAQDPALA,YPAQDPALV,YSAGYREKYRQTDVSNLYLWFDSYTWAERAYTWY,21.9604,TRUE,none
chr1:156791743-156791744,HLA-C14:02,PRCC,ENST00000271526,1367-1368.gtc/gtCc,377.V/VX,PAQDPALAP,PAQDPALVP,YSAGYREKYRQTDVSNLYLWFDSYTWAERAYTWY,21.9604,TRUE,none
chr1:156791743-156791744,HLA-C14:02,PRCC,ENST00000271526,1367-1368.gtc/gtCc,377.V/VX,AQDPALAPP,AQDPALVPP,YSAGYREKYRQTDVSNLYLWFDSYTWAERAYTWY,21.9604,TRUE,none
chr1:156791743-156791744,HLA-C14:02,PRCC,ENST00000271526,1367-1368.gtc/gtCc,377.V/VX,DPALAPPGN,DPALVPPQE,YSAGYREKYRQTDVSNLYLWFDSYTWAERAYTWY,21.9604,TRUE,none
chr1:156791743-156791744,HLA-C14:02,PRCC,ENST00000271526,1367-1368.gtc/gtCc,377.V/VX,QDPALVPPP,QDPALVPPQ,YSAGYREKYRQTDVSNLYLWFDSYTWAERAYTWY,21.9604,TRUE,none
chr1:156791743-156791744,HLA-C14:02,PRCC,ENST00000271526,1367-1368.gtc/gtCc,377.V/VX,DPALVPPPG,DPALVPPQE,YSAGYREKYRQTDVSNLYLWFDSYTWAERAYTWY,21.9604,TRUE,none
chr1:156791743-156791744,HLA-A11:01,PRCC,ENST00000271526,1367-1368.gtc/gtCc,377.V/VX,ALAPPGNCPR,ALVPPQEIAP,YYAMYQENVAQTDVDTLYIIYRDYTWAAQAYRWY,21.9604,TRUE,none
chr1:156791743-156791744,HLA-A11:01,PRCC,ENST00000271526,1367-1368.gtc/gtCc,377.V/VX,DPALVPPPGN,DPALVPPQEI,YYAMYQENVAQTDVDTLYIIYRDYTWAAQAYRWY,21.9604,TRUE,none
chr1:156791743-156791744,HLA-A11:01,PRCC,ENST00000271526,1367-1368.gtc/gtCc,377.V/VX,ALVPPPGNCP,ALVPPQEIAP,YYAMYQENVAQTDVDTLYIIYRDYTWAAQAYRWY,21.9604,TRUE,none
chr1:156791743-156791744,HLA-A11:01,PRCC,ENST00000271526,1367-1368.gtc/gtCc,377.V/VX,LVPPPGNCPR,LVPPQEIAPD,YYAMYQENVAQTDVDTLYIIYRDYTWAAQAYRWY,21.9604,TRUE,none
chr1:156791743-156791744,HLA-B51:01,PRCC,ENST00000271526,1367-1368.gtc/gtCc,377.V/VX,YYPAQDPALA,YYPAQDPALV,YYATYRNIFTNTYENIAYWTYNYYTWAELAYLWH,21.9604,TRUE,none
chr1:156791743-156791744,HLA-B51:01,PRCC,ENST00000271526,1367-1368.gtc/gtCc,377.V/VX,YPAQDPALAP,YPAQDPALVP,YYATYRNIFTNTYENIAYWTYNYYTWAELAYLWH,21.9604,TRUE,none
chr1:156791743-156791744,HLA-B51:01,PRCC,ENST00000271526,1367-1368.gtc/gtCc,377.V/VX,PAQDPALAPP,PAQDPALVPP,YYATYRNIFTNTYENIAYWTYNYYTWAELAYLWH,21.9604,TRUE,none
chr1:156791743-156791744,HLA-B51:01,PRCC,ENST00000271526,1367-1368.gtc/gtCc,377.V/VX,DPALAPPGNC,DPALVPPQEI,YYATYRNIFTNTYENIAYWTYNYYTWAELAYLWH,21.9604,TRUE,none
chr1:156791743-156791744,HLA-B51:01,PRCC,ENST00000271526,1367-1368.gtc/gtCc,377.V/VX,PALAPPGNCP,PALVPPQEIA,YYATYRNIFTNTYENIAYWTYNYYTWAELAYLWH,21.9604,TRUE,none
chr1:156791743-156791744,HLA-B51:01,PRCC,ENST00000271526,1367-1368.gtc/gtCc,377.V/VX,AQDPALVPPP,AQDPALVPPQ,YYATYRNIFTNTYENIAYWTYNYYTWAELAYLWH,21.9604,TRUE,none
chr1:156791743-156791744,HLA-B51:01,PRCC,ENST00000271526,1367-1368.gtc/gtCc,377.V/VX,DPALVPPPGN,DPALVPPQEI,YYATYRNIFTNTYENIAYWTYNYYTWAELAYLWH,21.9604,TRUE,none
chr1:156791743-156791744,HLA-B51:01,PRCC,ENST00000271526,1367-1368.gtc/gtCc,377.V/VX,ALVPPPGNCP,ALVPPQEIAP,YYATYRNIFTNTYENIAYWTYNYYTWAELAYLWH,21.9604,TRUE,none
chr1:156791743-156791744,HLA-B35:01,PRCC,ENST00000271526,1367-1368.gtc/gtCc,377.V/VX,YPAQDPALAP,YPAQDPALVP,YYATYRNIFTNTYESNLYIRYDSYTWAVLAYLWY,21.9604,TRUE,none
chr1:156791743-156791744,HLA-B35:01,PRCC,ENST00000271526,1367-1368.gtc/gtCc,377.V/VX,PAQDPALAPP,PAQDPALVPP,YYATYRNIFTNTYESNLYIRYDSYTWAVLAYLWY,21.9604,TRUE,none
chr1:156791743-156791744,HLA-B35:01,PRCC,ENST00000271526,1367-1368.gtc/gtCc,377.V/VX,DPALAPPGNC,DPALVPPQEI,YYATYRNIFTNTYESNLYIRYDSYTWAVLAYLWY,21.9604,TRUE,none
chr1:156791743-156791744,HLA-B35:01,PRCC,ENST00000271526,1367-1368.gtc/gtCc,377.V/VX,AQDPALVPPP,AQDPALVPPQ,YYATYRNIFTNTYESNLYIRYDSYTWAVLAYLWY,21.9604,TRUE,none
chr1:156791743-156791744,HLA-B35:01,PRCC,ENST00000271526,1367-1368.gtc/gtCc,377.V/VX,DPALVPPPGN,DPALVPPQEI,YYATYRNIFTNTYESNLYIRYDSYTWAVLAYLWY,21.9604,TRUE,none
chr1:156791743-156791744,HLA-B35:01,PRCC,ENST00000271526,1367-1368.gtc/gtCc,377.V/VX,ALVPPPGNCP,ALVPPQEIAP,YYATYRNIFTNTYESNLYIRYDSYTWAVLAYLWY,21.9604,TRUE,none
chr1:156791743-156791744,HLA-B35:01,PRCC,ENST00000271526,1367-1368.gtc/gtCc,377.V/VX,LVPPPGNCPR,LVPPQEIAPD,YYATYRNIFTNTYESNLYIRYDSYTWAVLAYLWY,21.9604,TRUE,none
chr1:156791743-156791744,HLA-C03:03,PRCC,ENST00000271526,1367-1368.gtc/gtCc,377.V/VX,YYPAQDPALA,YYPAQDPALV,YYAGYREKYRQTDVSNLYIRYDYYTWAELAYLWY,21.9604,TRUE,none
chr1:156791743-156791744,HLA-C03:03,PRCC,ENST00000271526,1367-1368.gtc/gtCc,377.V/VX,YPAQDPALAP,YPAQDPALVP,YYAGYREKYRQTDVSNLYIRYDYYTWAELAYLWY,21.9604,TRUE,none
chr1:156791743-156791744,HLA-C03:03,PRCC,ENST00000271526,1367-1368.gtc/gtCc,377.V/VX,PAQDPALAPP,PAQDPALVPP,YYAGYREKYRQTDVSNLYIRYDYYTWAELAYLWY,21.9604,TRUE,none
chr1:156791743-156791744,HLA-C03:03,PRCC,ENST00000271526,1367-1368.gtc/gtCc,377.V/VX,AQDPALVPPP,AQDPALVPPQ,YYAGYREKYRQTDVSNLYIRYDYYTWAELAYLWY,21.9604,TRUE,none
chr1:156791743-156791744,HLA-C03:03,PRCC,ENST00000271526,1367-1368.gtc/gtCc,377.V/VX,DPALVPPPGN,DPALVPPQEI,YYAGYREKYRQTDVSNLYIRYDYYTWAELAYLWY,21.9604,TRUE,none
chr1:156791743-156791744,HLA-C03:03,PRCC,ENST00000271526,1367-1368.gtc/gtCc,377.V/VX,ALVPPPGNCP,ALVPPQEIAP,YYAGYREKYRQTDVSNLYIRYDYYTWAELAYLWY,21.9604,TRUE,none
chr1:156791743-156791744,HLA-C14:02,PRCC,ENST00000271526,1367-1368.gtc/gtCc,377.V/VX,YYPAQDPALA,YYPAQDPALV,YSAGYREKYRQTDVSNLYLWFDSYTWAERAYTWY,21.9604,TRUE,none
chr1:156791743-156791744,HLA-C14:02,PRCC,ENST00000271526,1367-1368.gtc/gtCc,377.V/VX,YPAQDPALAP,YPAQDPALVP,YSAGYREKYRQTDVSNLYLWFDSYTWAERAYTWY,21.9604,TRUE,none
chr1:156791743-156791744,HLA-C14:02,PRCC,ENST00000271526,1367-1368.gtc/gtCc,377.V/VX,PAQDPALAPP,PAQDPALVPP,YSAGYREKYRQTDVSNLYLWFDSYTWAERAYTWY,21.9604,TRUE,none
chr1:156791743-156791744,HLA-C14:02,PRCC,ENST00000271526,1367-1368.gtc/gtCc,377.V/VX,ALAPPGNCPR,ALVPPQEIAP,YSAGYREKYRQTDVSNLYLWFDSYTWAERAYTWY,21.9604,TRUE,none
chr1:156791743-156791744,HLA-C14:02,PRCC,ENST00000271526,1367-1368.gtc/gtCc,377.V/VX,AQDPALVPPP,AQDPALVPPQ,YSAGYREKYRQTDVSNLYLWFDSYTWAERAYTWY,21.9604,TRUE,none
chr1:156791743-156791744,HLA-C14:02,PRCC,ENST00000271526,1367-1368.gtc/gtCc,377.V/VX,DPALVPPPGN,DPALVPPQEI,YSAGYREKYRQTDVSNLYLWFDSYTWAERAYTWY,21.9604,TRUE,none
chr1:156791743-156791744,HLA-C14:02,PRCC,ENST00000271526,1367-1368.gtc/gtCc,377.V/VX,ALVPPPGNCP,ALVPPQEIAP,YSAGYREKYRQTDVSNLYLWFDSYTWAERAYTWY,21.9604,TRUE,none
chr1:156791743-156791744,HLA-C14:02,PRCC,ENST00000271526,1367-1368.gtc/gtCc,377.V/VX,LVPPPGNCPR,LVPPQEIAPD,YSAGYREKYRQTDVSNLYLWFDSYTWAERAYTWY,21.9604,TRUE,none
chr1:156791743-156791744,HLA-A11:01,PRCC,ENST00000271526,1367-1368.gtc/gtCc,377.V/VX,PAQDPALAPPG,PAQDPALVPPQ,YYAMYQENVAQTDVDTLYIIYRDYTWAAQAYRWY,21.9604,TRUE,none
chr1:156791743-156791744,HLA-A11:01,PRCC,ENST00000271526,1367-1368.gtc/gtCc,377.V/VX,PALAPPGNCPR,PALVPPQEIAP,YYAMYQENVAQTDVDTLYIIYRDYTWAAQAYRWY,21.9604,TRUE,none
chr1:156791743-156791744,HLA-A11:01,PRCC,ENST00000271526,1367-1368.gtc/gtCc,377.V/VX,PAQDPALVPPP,PAQDPALVPPQ,YYAMYQENVAQTDVDTLYIIYRDYTWAAQAYRWY,21.9604,TRUE,none
chr1:156791743-156791744,HLA-A11:01,PRCC,ENST00000271526,1367-1368.gtc/gtCc,377.V/VX,AQDPALVPPPG,AQDPALVPPQE,YYAMYQENVAQTDVDTLYIIYRDYTWAAQAYRWY,21.9604,TRUE,none
chr1:156791743-156791744,HLA-A11:01,PRCC,ENST00000271526,1367-1368.gtc/gtCc,377.V/VX,ALVPPPGNCPR,ALVPPQEIAPD,YYAMYQENVAQTDVDTLYIIYRDYTWAAQAYRWY,21.9604,TRUE,none
chr1:156791743-156791744,HLA-A11:01,PRCC,ENST00000271526,1367-1368.gtc/gtCc,377.V/VX,VPPPGNCPRCL,VPPQEIAPDAS,YYAMYQENVAQTDVDTLYIIYRDYTWAAQAYRWY,21.9604,TRUE,none
chr1:156791743-156791744,HLA-B51:01,PRCC,ENST00000271526,1367-1368.gtc/gtCc,377.V/VX,GYYPAQDPALA,GYYPAQDPALV,YYATYRNIFTNTYENIAYWTYNYYTWAELAYLWH,21.9604,TRUE,none
chr1:156791743-156791744,HLA-B51:01,PRCC,ENST00000271526,1367-1368.gtc/gtCc,377.V/VX,YYPAQDPALAP,YYPAQDPALVP,YYATYRNIFTNTYENIAYWTYNYYTWAELAYLWH,21.9604,TRUE,none
chr1:156791743-156791744,HLA-B51:01,PRCC,ENST00000271526,1367-1368.gtc/gtCc,377.V/VX,YPAQDPALAPP,YPAQDPALVPP,YYATYRNIFTNTYENIAYWTYNYYTWAELAYLWH,21.9604,TRUE,none
chr1:156791743-156791744,HLA-B51:01,PRCC,ENST00000271526,1367-1368.gtc/gtCc,377.V/VX,PAQDPALAPPG,PAQDPALVPPQ,YYATYRNIFTNTYENIAYWTYNYYTWAELAYLWH,21.9604,TRUE,none
chr1:156791743-156791744,HLA-B51:01,PRCC,ENST00000271526,1367-1368.gtc/gtCc,377.V/VX,AQDPALAPPGN,AQDPALVPPQE,YYATYRNIFTNTYENIAYWTYNYYTWAELAYLWH,21.9604,TRUE,none
chr1:156791743-156791744,HLA-B51:01,PRCC,ENST00000271526,1367-1368.gtc/gtCc,377.V/VX,DPALAPPGNCP,DPALVPPQEIA,YYATYRNIFTNTYENIAYWTYNYYTWAELAYLWH,21.9604,TRUE,none
chr1:156791743-156791744,HLA-B51:01,PRCC,ENST00000271526,1367-1368.gtc/gtCc,377.V/VX,LAPPGNCPRCL,LVPPQEIAPDA,YYATYRNIFTNTYENIAYWTYNYYTWAELAYLWH,21.9604,TRUE,none
chr1:156791743-156791744,HLA-B51:01,PRCC,ENST00000271526,1367-1368.gtc/gtCc,377.V/VX,APPGNCPRCLL,VPPQEIAPDAS,YYATYRNIFTNTYENIAYWTYNYYTWAELAYLWH,21.9604,TRUE,none
chr1:156791743-156791744,HLA-B51:01,PRCC,ENST00000271526,1367-1368.gtc/gtCc,377.V/VX,PAQDPALVPPP,PAQDPALVPPQ,YYATYRNIFTNTYENIAYWTYNYYTWAELAYLWH,21.9604,TRUE,none
chr1:156791743-156791744,HLA-B51:01,PRCC,ENST00000271526,1367-1368.gtc/gtCc,377.V/VX,AQDPALVPPPG,AQDPALVPPQE,YYATYRNIFTNTYENIAYWTYNYYTWAELAYLWH,21.9604,TRUE,none
chr1:156791743-156791744,HLA-B51:01,PRCC,ENST00000271526,1367-1368.gtc/gtCc,377.V/VX,DPALVPPPGNC,DPALVPPQEIA,YYATYRNIFTNTYENIAYWTYNYYTWAELAYLWH,21.9604,TRUE,none
chr1:156791743-156791744,HLA-B51:01,PRCC,ENST00000271526,1367-1368.gtc/gtCc,377.V/VX,PALVPPPGNCP,PALVPPQEIAP,YYATYRNIFTNTYENIAYWTYNYYTWAELAYLWH,21.9604,TRUE,none
chr1:156791743-156791744,HLA-B51:01,PRCC,ENST00000271526,1367-1368.gtc/gtCc,377.V/VX,ALVPPPGNCPR,ALVPPQEIAPD,YYATYRNIFTNTYENIAYWTYNYYTWAELAYLWH,21.9604,TRUE,none
chr1:156791743-156791744,HLA-B51:01,PRCC,ENST00000271526,1367-1368.gtc/gtCc,377.V/VX,VPPPGNCPRCL,VPPQEIAPDAS,YYATYRNIFTNTYENIAYWTYNYYTWAELAYLWH,21.9604,TRUE,none
chr1:156791743-156791744,HLA-B35:01,PRCC,ENST00000271526,1367-1368.gtc/gtCc,377.V/VX,YPAQDPALAPP,YPAQDPALVPP,YYATYRNIFTNTYESNLYIRYDSYTWAVLAYLWY,21.9604,TRUE,none
chr1:156791743-156791744,HLA-B35:01,PRCC,ENST00000271526,1367-1368.gtc/gtCc,377.V/VX,PAQDPALAPPG,PAQDPALVPPQ,YYATYRNIFTNTYESNLYIRYDSYTWAVLAYLWY,21.9604,TRUE,none
chr1:156791743-156791744,HLA-B35:01,PRCC,ENST00000271526,1367-1368.gtc/gtCc,377.V/VX,AQDPALAPPGN,AQDPALVPPQE,YYATYRNIFTNTYESNLYIRYDSYTWAVLAYLWY,21.9604,TRUE,none
chr1:156791743-156791744,HLA-B35:01,PRCC,ENST00000271526,1367-1368.gtc/gtCc,377.V/VX,DPALAPPGNCP,DPALVPPQEIA,YYATYRNIFTNTYESNLYIRYDSYTWAVLAYLWY,21.9604,TRUE,none
chr1:156791743-156791744,HLA-B35:01,PRCC,ENST00000271526,1367-1368.gtc/gtCc,377.V/VX,PALAPPGNCPR,PALVPPQEIAP,YYATYRNIFTNTYESNLYIRYDSYTWAVLAYLWY,21.9604,TRUE,none
chr1:156791743-156791744,HLA-B35:01,PRCC,ENST00000271526,1367-1368.gtc/gtCc,377.V/VX,APPGNCPRCLL,VPPQEIAPDAS,YYATYRNIFTNTYESNLYIRYDSYTWAVLAYLWY,21.9604,TRUE,none
chr1:156791743-156791744,HLA-B35:01,PRCC,ENST00000271526,1367-1368.gtc/gtCc,377.V/VX,PAQDPALVPPP,PAQDPALVPPQ,YYATYRNIFTNTYESNLYIRYDSYTWAVLAYLWY,21.9604,TRUE,none
chr1:156791743-156791744,HLA-B35:01,PRCC,ENST00000271526,1367-1368.gtc/gtCc,377.V/VX,AQDPALVPPPG,AQDPALVPPQE,YYATYRNIFTNTYESNLYIRYDSYTWAVLAYLWY,21.9604,TRUE,none
chr1:156791743-156791744,HLA-B35:01,PRCC,ENST00000271526,1367-1368.gtc/gtCc,377.V/VX,DPALVPPPGNC,DPALVPPQEIA,YYATYRNIFTNTYESNLYIRYDSYTWAVLAYLWY,21.9604,TRUE,none
chr1:156791743-156791744,HLA-B35:01,PRCC,ENST00000271526,1367-1368.gtc/gtCc,377.V/VX,ALVPPPGNCPR,ALVPPQEIAPD,YYATYRNIFTNTYESNLYIRYDSYTWAVLAYLWY,21.9604,TRUE,none
chr1:156791743-156791744,HLA-B35:01,PRCC,ENST00000271526,1367-1368.gtc/gtCc,377.V/VX,VPPPGNCPRCL,VPPQEIAPDAS,YYATYRNIFTNTYESNLYIRYDSYTWAVLAYLWY,21.9604,TRUE,none
chr1:156791743-156791744,HLA-C03:03,PRCC,ENST00000271526,1367-1368.gtc/gtCc,377.V/VX,GYYPAQDPALA,GYYPAQDPALV,YYAGYREKYRQTDVSNLYIRYDYYTWAELAYLWY,21.9604,TRUE,none
chr1:156791743-156791744,HLA-C03:03,PRCC,ENST00000271526,1367-1368.gtc/gtCc,377.V/VX,YYPAQDPALAP,YYPAQDPALVP,YYAGYREKYRQTDVSNLYIRYDYYTWAELAYLWY,21.9604,TRUE,none
chr1:156791743-156791744,HLA-C03:03,PRCC,ENST00000271526,1367-1368.gtc/gtCc,377.V/VX,YPAQDPALAPP,YPAQDPALVPP,YYAGYREKYRQTDVSNLYIRYDYYTWAELAYLWY,21.9604,TRUE,none
chr1:156791743-156791744,HLA-C03:03,PRCC,ENST00000271526,1367-1368.gtc/gtCc,377.V/VX,PAQDPALAPPG,PAQDPALVPPQ,YYAGYREKYRQTDVSNLYIRYDYYTWAELAYLWY,21.9604,TRUE,none
chr1:156791743-156791744,HLA-C03:03,PRCC,ENST00000271526,1367-1368.gtc/gtCc,377.V/VX,PALAPPGNCPR,PALVPPQEIAP,YYAGYREKYRQTDVSNLYIRYDYYTWAELAYLWY,21.9604,TRUE,none
chr1:156791743-156791744,HLA-C03:03,PRCC,ENST00000271526,1367-1368.gtc/gtCc,377.V/VX,PAQDPALVPPP,PAQDPALVPPQ,YYAGYREKYRQTDVSNLYIRYDYYTWAELAYLWY,21.9604,TRUE,none
chr1:156791743-156791744,HLA-C03:03,PRCC,ENST00000271526,1367-1368.gtc/gtCc,377.V/VX,AQDPALVPPPG,AQDPALVPPQE,YYAGYREKYRQTDVSNLYIRYDYYTWAELAYLWY,21.9604,TRUE,none
chr1:156791743-156791744,HLA-C03:03,PRCC,ENST00000271526,1367-1368.gtc/gtCc,377.V/VX,ALVPPPGNCPR,ALVPPQEIAPD,YYAGYREKYRQTDVSNLYIRYDYYTWAELAYLWY,21.9604,TRUE,none
chr1:156791743-156791744,HLA-C14:02,PRCC,ENST00000271526,1367-1368.gtc/gtCc,377.V/VX,GYYPAQDPALA,GYYPAQDPALV,YSAGYREKYRQTDVSNLYLWFDSYTWAERAYTWY,21.9604,TRUE,none
chr1:156791743-156791744,HLA-C14:02,PRCC,ENST00000271526,1367-1368.gtc/gtCc,377.V/VX,YYPAQDPALAP,YYPAQDPALVP,YSAGYREKYRQTDVSNLYLWFDSYTWAERAYTWY,21.9604,TRUE,none
chr1:156791743-156791744,HLA-C14:02,PRCC,ENST00000271526,1367-1368.gtc/gtCc,377.V/VX,YPAQDPALAPP,YPAQDPALVPP,YSAGYREKYRQTDVSNLYLWFDSYTWAERAYTWY,21.9604,TRUE,none
chr1:156791743-156791744,HLA-C14:02,PRCC,ENST00000271526,1367-1368.gtc/gtCc,377.V/VX,PAQDPALAPPG,PAQDPALVPPQ,YSAGYREKYRQTDVSNLYLWFDSYTWAERAYTWY,21.9604,TRUE,none
chr1:156791743-156791744,HLA-C14:02,PRCC,ENST00000271526,1367-1368.gtc/gtCc,377.V/VX,DPALAPPGNCP,DPALVPPQEIA,YSAGYREKYRQTDVSNLYLWFDSYTWAERAYTWY,21.9604,TRUE,none
chr1:156791743-156791744,HLA-C14:02,PRCC,ENST00000271526,1367-1368.gtc/gtCc,377.V/VX,ALAPPGNCPRC,ALVPPQEIAPD,YSAGYREKYRQTDVSNLYLWFDSYTWAERAYTWY,21.9604,TRUE,none
chr1:156791743-156791744,HLA-C14:02,PRCC,ENST00000271526,1367-1368.gtc/gtCc,377.V/VX,LAPPGNCPRCL,LVPPQEIAPDA,YSAGYREKYRQTDVSNLYLWFDSYTWAERAYTWY,21.9604,TRUE,none
chr1:156791743-156791744,HLA-C14:02,PRCC,ENST00000271526,1367-1368.gtc/gtCc,377.V/VX,PAQDPALVPPP,PAQDPALVPPQ,YSAGYREKYRQTDVSNLYLWFDSYTWAERAYTWY,21.9604,TRUE,none
chr1:156791743-156791744,HLA-C14:02,PRCC,ENST00000271526,1367-1368.gtc/gtCc,377.V/VX,AQDPALVPPPG,AQDPALVPPQE,YSAGYREKYRQTDVSNLYLWFDSYTWAERAYTWY,21.9604,TRUE,none
chr1:156791743-156791744,HLA-C14:02,PRCC,ENST00000271526,1367-1368.gtc/gtCc,377.V/VX,DPALVPPPGNC,DPALVPPQEIA,YSAGYREKYRQTDVSNLYLWFDSYTWAERAYTWY,21.9604,TRUE,none
chr1:156791743-156791744,HLA-C14:02,PRCC,ENST00000271526,1367-1368.gtc/gtCc,377.V/VX,ALVPPPGNCPR,ALVPPQEIAPD,YSAGYREKYRQTDVSNLYLWFDSYTWAERAYTWY,21.9604,TRUE,none
chr7:1487439,HLA-A11:01,INTS1,ENST00000404767,2635.Cgg/gg,843.R/X,GPPGGLPL,GPPRRPPP,YYAMYQENVAQTDVDTLYIIYRDYTWAAQAYRWY,13.0594,FALSE,none
chr7:1487439,HLA-A11:01,INTS1,ENST00000404767,2635.Cgg/gg,843.R/X,PPGGLPLT,PPRRPPPH,YYAMYQENVAQTDVDTLYIIYRDYTWAAQAYRWY,13.0594,FALSE,none
chr7:1487439,HLA-A11:01,INTS1,ENST00000404767,2635.Cgg/gg,843.R/X,GGLPLTSW,RRPPPHIL,YYAMYQENVAQTDVDTLYIIYRDYTWAAQAYRWY,13.0594,FALSE,none
chr7:1487439,HLA-A11:01,INTS1,ENST00000404767,2635.Cgg/gg,843.R/X,LPLTSWIK,PPPHILDQ,YYAMYQENVAQTDVDTLYIIYRDYTWAAQAYRWY,13.0594,FALSE,none
chr7:1487439,HLA-B51:01,INTS1,ENST00000404767,2635.Cgg/gg,843.R/X,PQGPPGGL,PQGPPRRP,YYATYRNIFTNTYENIAYWTYNYYTWAELAYLWH,13.0594,FALSE,none
chr7:1487439,HLA-B51:01,INTS1,ENST00000404767,2635.Cgg/gg,843.R/X,QGPPGGLP,QGPPRRPP,YYATYRNIFTNTYENIAYWTYNYYTWAELAYLWH,13.0594,FALSE,none
chr7:1487439,HLA-B51:01,INTS1,ENST00000404767,2635.Cgg/gg,843.R/X,GPPGGLPL,GPPRRPPP,YYATYRNIFTNTYENIAYWTYNYYTWAELAYLWH,13.0594,FALSE,none
chr7:1487439,HLA-B51:01,INTS1,ENST00000404767,2635.Cgg/gg,843.R/X,PPGGLPLT,PPRRPPPH,YYATYRNIFTNTYENIAYWTYNYYTWAELAYLWH,13.0594,FALSE,none
chr7:1487439,HLA-B51:01,INTS1,ENST00000404767,2635.Cgg/gg,843.R/X,GPPPEASP,GPPRRPPP,YYATYRNIFTNTYENIAYWTYNYYTWAELAYLWH,13.0594,FALSE,none
chr7:1487439,HLA-B35:01,INTS1,ENST00000404767,2635.Cgg/gg,843.R/X,PQGPPGGL,PQGPPRRP,YYATYRNIFTNTYESNLYIRYDSYTWAVLAYLWY,13.0594,FALSE,none
chr7:1487439,HLA-B35:01,INTS1,ENST00000404767,2635.Cgg/gg,843.R/X,QGPPGGLP,QGPPRRPP,YYATYRNIFTNTYESNLYIRYDSYTWAVLAYLWY,13.0594,FALSE,none
chr7:1487439,HLA-B35:01,INTS1,ENST00000404767,2635.Cgg/gg,843.R/X,GPPGGLPL,GPPRRPPP,YYATYRNIFTNTYESNLYIRYDSYTWAVLAYLWY,13.0594,FALSE,none
chr7:1487439,HLA-B35:01,INTS1,ENST00000404767,2635.Cgg/gg,843.R/X,PPGGLPLT,PPRRPPPH,YYATYRNIFTNTYESNLYIRYDSYTWAVLAYLWY,13.0594,FALSE,none
chr7:1487439,HLA-B35:01,INTS1,ENST00000404767,2635.Cgg/gg,843.R/X,LPLTSWIK,PPPHILDQ,YYATYRNIFTNTYESNLYIRYDSYTWAVLAYLWY,13.0594,FALSE,none
chr7:1487439,HLA-B35:01,INTS1,ENST00000404767,2635.Cgg/gg,843.R/X,PQGPPPEA,PQGPPRRP,YYATYRNIFTNTYESNLYIRYDSYTWAVLAYLWY,13.0594,FALSE,none
chr7:1487439,HLA-B35:01,INTS1,ENST00000404767,2635.Cgg/gg,843.R/X,GPPPEASP,GPPRRPPP,YYATYRNIFTNTYESNLYIRYDSYTWAVLAYLWY,13.0594,FALSE,none
chr7:1487439,HLA-B35:01,INTS1,ENST00000404767,2635.Cgg/gg,843.R/X,SPSHPGSS,PPHILDQV,YYATYRNIFTNTYESNLYIRYDSYTWAVLAYLWY,13.0594,FALSE,none
chr7:1487439,HLA-C03:03,INTS1,ENST00000404767,2635.Cgg/gg,843.R/X,GPPGGLPL,GPPRRPPP,YYAGYREKYRQTDVSNLYIRYDYYTWAELAYLWY,13.0594,FALSE,none
chr7:1487439,HLA-C03:03,INTS1,ENST00000404767,2635.Cgg/gg,843.R/X,GGLPLTSW,RRPPPHIL,YYAGYREKYRQTDVSNLYIRYDYYTWAELAYLWY,13.0594,FALSE,none
chr7:1487439,HLA-C14:02,INTS1,ENST00000404767,2635.Cgg/gg,843.R/X,GPPGGLPL,GPPRRPPP,YSAGYREKYRQTDVSNLYLWFDSYTWAERAYTWY,13.0594,FALSE,none
chr7:1487439,HLA-C14:02,INTS1,ENST00000404767,2635.Cgg/gg,843.R/X,PPGGLPLT,PPRRPPPH,YSAGYREKYRQTDVSNLYLWFDSYTWAERAYTWY,13.0594,FALSE,none
chr7:1487439,HLA-A11:01,INTS1,ENST00000404767,2635.Cgg/gg,843.R/X,QGPPGGLPL,QGPPRRPPP,YYAMYQENVAQTDVDTLYIIYRDYTWAAQAYRWY,13.0594,FALSE,none
chr7:1487439,HLA-A11:01,INTS1,ENST00000404767,2635.Cgg/gg,843.R/X,GPPGGLPLT,GPPRRPPPH,YYAMYQENVAQTDVDTLYIIYRDYTWAAQAYRWY,13.0594,FALSE,none
chr7:1487439,HLA-A11:01,INTS1,ENST00000404767,2635.Cgg/gg,843.R/X,PGGLPLTSW,PRRPPPHIL,YYAMYQENVAQTDVDTLYIIYRDYTWAAQAYRWY,13.0594,FALSE,none
chr7:1487439,HLA-A11:01,INTS1,ENST00000404767,2635.Cgg/gg,843.R/X,GLPLTSWIK,RPPPHILDQ,YYAMYQENVAQTDVDTLYIIYRDYTWAAQAYRWY,13.0594,FALSE,none
chr7:1487439,HLA-B51:01,INTS1,ENST00000404767,2635.Cgg/gg,843.R/X,DPQGPPGGL,DPQGPPRRP,YYATYRNIFTNTYENIAYWTYNYYTWAELAYLWH,13.0594,FALSE,none
chr7:1487439,HLA-B51:01,INTS1,ENST00000404767,2635.Cgg/gg,843.R/X,PQGPPGGLP,PQGPPRRPP,YYATYRNIFTNTYENIAYWTYNYYTWAELAYLWH,13.0594,FALSE,none
chr7:1487439,HLA-B51:01,INTS1,ENST00000404767,2635.Cgg/gg,843.R/X,QGPPGGLPL,QGPPRRPPP,YYATYRNIFTNTYENIAYWTYNYYTWAELAYLWH,13.0594,FALSE,none
chr7:1487439,HLA-B51:01,INTS1,ENST00000404767,2635.Cgg/gg,843.R/X,GPPGGLPLT,GPPRRPPPH,YYATYRNIFTNTYENIAYWTYNYYTWAELAYLWH,13.0594,FALSE,none
chr7:1487439,HLA-B51:01,INTS1,ENST00000404767,2635.Cgg/gg,843.R/X,PPGGLPLTS,PPRRPPPHI,YYATYRNIFTNTYENIAYWTYNYYTWAELAYLWH,13.0594,FALSE,none
chr7:1487439,HLA-B51:01,INTS1,ENST00000404767,2635.Cgg/gg,843.R/X,GGLPLTSWI,RRPPPHILD,YYATYRNIFTNTYENIAYWTYNYYTWAELAYLWH,13.0594,FALSE,none
chr7:1487439,HLA-B51:01,INTS1,ENST00000404767,2635.Cgg/gg,843.R/X,SLDPQGPPP,SLDPQGPPR,YYATYRNIFTNTYENIAYWTYNYYTWAELAYLWH,13.0594,FALSE,none
chr7:1487439,HLA-B51:01,INTS1,ENST00000404767,2635.Cgg/gg,843.R/X,DPQGPPPEA,DPQGPPRRP,YYATYRNIFTNTYENIAYWTYNYYTWAELAYLWH,13.0594,FALSE,none
chr7:1487439,HLA-B35:01,INTS1,ENST00000404767,2635.Cgg/gg,843.R/X,SLDPQGPPG,SLDPQGPPR,YYATYRNIFTNTYESNLYIRYDSYTWAVLAYLWY,13.0594,FALSE,none
chr7:1487439,HLA-B35:01,INTS1,ENST00000404767,2635.Cgg/gg,843.R/X,DPQGPPGGL,DPQGPPRRP,YYATYRNIFTNTYESNLYIRYDSYTWAVLAYLWY,13.0594,FALSE,none
chr7:1487439,HLA-B35:01,INTS1,ENST00000404767,2635.Cgg/gg,843.R/X,PQGPPGGLP,PQGPPRRPP,YYATYRNIFTNTYESNLYIRYDSYTWAVLAYLWY,13.0594,FALSE,none
chr7:1487439,HLA-B35:01,INTS1,ENST00000404767,2635.Cgg/gg,843.R/X,QGPPGGLPL,QGPPRRPPP,YYATYRNIFTNTYESNLYIRYDSYTWAVLAYLWY,13.0594,FALSE,none
chr7:1487439,HLA-B35:01,INTS1,ENST00000404767,2635.Cgg/gg,843.R/X,GPPGGLPLT,GPPRRPPPH,YYATYRNIFTNTYESNLYIRYDSYTWAVLAYLWY,13.0594,FALSE,none
chr7:1487439,HLA-B35:01,INTS1,ENST00000404767,2635.Cgg/gg,843.R/X,PPGGLPLTS,PPRRPPPHI,YYATYRNIFTNTYESNLYIRYDSYTWAVLAYLWY,13.0594,FALSE,none
chr7:1487439,HLA-B35:01,INTS1,ENST00000404767,2635.Cgg/gg,843.R/X,SLDPQGPPP,SLDPQGPPR,YYATYRNIFTNTYESNLYIRYDSYTWAVLAYLWY,13.0594,FALSE,none
chr7:1487439,HLA-B35:01,INTS1,ENST00000404767,2635.Cgg/gg,843.R/X,DPQGPPPEA,DPQGPPRRP,YYATYRNIFTNTYESNLYIRYDSYTWAVLAYLWY,13.0594,FALSE,none
chr7:1487439,HLA-C03:03,INTS1,ENST00000404767,2635.Cgg/gg,843.R/X,QGPPGGLPL,QGPPRRPPP,YYAGYREKYRQTDVSNLYIRYDYYTWAELAYLWY,13.0594,FALSE,none
chr7:1487439,HLA-C03:03,INTS1,ENST00000404767,2635.Cgg/gg,843.R/X,GPPGGLPLT,GPPRRPPPH,YYAGYREKYRQTDVSNLYIRYDYYTWAELAYLWY,13.0594,FALSE,none
chr7:1487439,HLA-C14:02,INTS1,ENST00000404767,2635.Cgg/gg,843.R/X,QGPPGGLPL,QGPPRRPPP,YSAGYREKYRQTDVSNLYLWFDSYTWAERAYTWY,13.0594,FALSE,none
chr7:1487439,HLA-C14:02,INTS1,ENST00000404767,2635.Cgg/gg,843.R/X,GPPGGLPLT,GPPRRPPPH,YSAGYREKYRQTDVSNLYLWFDSYTWAERAYTWY,13.0594,FALSE,none
chr7:1487439,HLA-C14:02,INTS1,ENST00000404767,2635.Cgg/gg,843.R/X,SLDPQGPPP,SLDPQGPPR,YSAGYREKYRQTDVSNLYLWFDSYTWAERAYTWY,13.0594,FALSE,none
chr7:1487439,HLA-A11:01,INTS1,ENST00000404767,2635.Cgg/gg,843.R/X,TSLDPQGPPG,TSLDPQGPPR,YYAMYQENVAQTDVDTLYIIYRDYTWAAQAYRWY,13.0594,FALSE,none
chr7:1487439,HLA-A11:01,INTS1,ENST00000404767,2635.Cgg/gg,843.R/X,GPPGGLPLTS,GPPRRPPPHI,YYAMYQENVAQTDVDTLYIIYRDYTWAAQAYRWY,13.0594,FALSE,none
chr7:1487439,HLA-A11:01,INTS1,ENST00000404767,2635.Cgg/gg,843.R/X,PPGGLPLTSW,PPRRPPPHIL,YYAMYQENVAQTDVDTLYIIYRDYTWAAQAYRWY,13.0594,FALSE,none
chr7:1487439,HLA-A11:01,INTS1,ENST00000404767,2635.Cgg/gg,843.R/X,GGLPLTSWIK,RRPPPHILDQ,YYAMYQENVAQTDVDTLYIIYRDYTWAAQAYRWY,13.0594,FALSE,none
chr7:1487439,HLA-A11:01,INTS1,ENST00000404767,2635.Cgg/gg,843.R/X,SLDPQGPPPE,SLDPQGPPRR,YYAMYQENVAQTDVDTLYIIYRDYTWAAQAYRWY,13.0594,FALSE,none
chr7:1487439,HLA-B51:01,INTS1,ENST00000404767,2635.Cgg/gg,843.R/X,TSLDPQGPPG,TSLDPQGPPR,YYATYRNIFTNTYENIAYWTYNYYTWAELAYLWH,13.0594,FALSE,none
chr7:1487439,HLA-B51:01,INTS1,ENST00000404767,2635.Cgg/gg,843.R/X,DPQGPPGGLP,DPQGPPRRPP,YYATYRNIFTNTYENIAYWTYNYYTWAELAYLWH,13.0594,FALSE,none
chr7:1487439,HLA-B51:01,INTS1,ENST00000404767,2635.Cgg/gg,843.R/X,PQGPPGGLPL,PQGPPRRPPP,YYATYRNIFTNTYENIAYWTYNYYTWAELAYLWH,13.0594,FALSE,none
chr7:1487439,HLA-B51:01,INTS1,ENST00000404767,2635.Cgg/gg,843.R/X,QGPPGGLPLT,QGPPRRPPPH,YYATYRNIFTNTYENIAYWTYNYYTWAELAYLWH,13.0594,FALSE,none
chr7:1487439,HLA-B51:01,INTS1,ENST00000404767,2635.Cgg/gg,843.R/X,GPPGGLPLTS,GPPRRPPPHI,YYATYRNIFTNTYENIAYWTYNYYTWAELAYLWH,13.0594,FALSE,none
chr7:1487439,HLA-B51:01,INTS1,ENST00000404767,2635.Cgg/gg,843.R/X,PPGGLPLTSW,PPRRPPPHIL,YYATYRNIFTNTYENIAYWTYNYYTWAELAYLWH,13.0594,FALSE,none
chr7:1487439,HLA-B51:01,INTS1,ENST00000404767,2635.Cgg/gg,843.R/X,TSLDPQGPPP,TSLDPQGPPR,YYATYRNIFTNTYENIAYWTYNYYTWAELAYLWH,13.0594,FALSE,none
chr7:1487439,HLA-B51:01,INTS1,ENST00000404767,2635.Cgg/gg,843.R/X,SLDPQGPPPE,SLDPQGPPRR,YYATYRNIFTNTYENIAYWTYNYYTWAELAYLWH,13.0594,FALSE,none
chr7:1487439,HLA-B51:01,INTS1,ENST00000404767,2635.Cgg/gg,843.R/X,LDPQGPPPEA,LDPQGPPRRP,YYATYRNIFTNTYENIAYWTYNYYTWAELAYLWH,13.0594,FALSE,none
chr7:1487439,HLA-B51:01,INTS1,ENST00000404767,2635.Cgg/gg,843.R/X,PQGPPPEASP,PQGPPRRPPP,YYATYRNIFTNTYENIAYWTYNYYTWAELAYLWH,13.0594,FALSE,none
chr7:1487439,HLA-B35:01,INTS1,ENST00000404767,2635.Cgg/gg,843.R/X,TSLDPQGPPG,TSLDPQGPPR,YYATYRNIFTNTYESNLYIRYDSYTWAVLAYLWY,13.0594,FALSE,none
chr7:1487439,HLA-B35:01,INTS1,ENST00000404767,2635.Cgg/gg,843.R/X,SLDPQGPPGG,SLDPQGPPRR,YYATYRNIFTNTYESNLYIRYDSYTWAVLAYLWY,13.0594,FALSE,none
chr7:1487439,HLA-B35:01,INTS1,ENST00000404767,2635.Cgg/gg,843.R/X,DPQGPPGGLP,DPQGPPRRPP,YYATYRNIFTNTYESNLYIRYDSYTWAVLAYLWY,13.0594,FALSE,none
chr7:1487439,HLA-B35:01,INTS1,ENST00000404767,2635.Cgg/gg,843.R/X,PQGPPGGLPL,PQGPPRRPPP,YYATYRNIFTNTYESNLYIRYDSYTWAVLAYLWY,13.0594,FALSE,none
chr7:1487439,HLA-B35:01,INTS1,ENST00000404767,2635.Cgg/gg,843.R/X,QGPPGGLPLT,QGPPRRPPPH,YYATYRNIFTNTYESNLYIRYDSYTWAVLAYLWY,13.0594,FALSE,none
chr7:1487439,HLA-B35:01,INTS1,ENST00000404767,2635.Cgg/gg,843.R/X,GPPGGLPLTS,GPPRRPPPHI,YYATYRNIFTNTYESNLYIRYDSYTWAVLAYLWY,13.0594,FALSE,none
chr7:1487439,HLA-B35:01,INTS1,ENST00000404767,2635.Cgg/gg,843.R/X,PPGGLPLTSW,PPRRPPPHIL,YYATYRNIFTNTYESNLYIRYDSYTWAVLAYLWY,13.0594,FALSE,none
chr7:1487439,HLA-B35:01,INTS1,ENST00000404767,2635.Cgg/gg,843.R/X,TSLDPQGPPP,TSLDPQGPPR,YYATYRNIFTNTYESNLYIRYDSYTWAVLAYLWY,13.0594,FALSE,none
chr7:1487439,HLA-B35:01,INTS1,ENST00000404767,2635.Cgg/gg,843.R/X,SLDPQGPPPE,SLDPQGPPRR,YYATYRNIFTNTYESNLYIRYDSYTWAVLAYLWY,13.0594,FALSE,none
chr7:1487439,HLA-B35:01,INTS1,ENST00000404767,2635.Cgg/gg,843.R/X,PQGPPPEASP,PQGPPRRPPP,YYATYRNIFTNTYESNLYIRYDSYTWAVLAYLWY,13.0594,FALSE,none
chr7:1487439,HLA-B35:01,INTS1,ENST00000404767,2635.Cgg/gg,843.R/X,EASPSHPGSS,RPPPHILDQV,YYATYRNIFTNTYESNLYIRYDSYTWAVLAYLWY,13.0594,FALSE,none
chr7:1487439,HLA-C03:03,INTS1,ENST00000404767,2635.Cgg/gg,843.R/X,TSLDPQGPPG,TSLDPQGPPR,YYAGYREKYRQTDVSNLYIRYDYYTWAELAYLWY,13.0594,FALSE,none
chr7:1487439,HLA-C03:03,INTS1,ENST00000404767,2635.Cgg/gg,843.R/X,DPQGPPGGLP,DPQGPPRRPP,YYAGYREKYRQTDVSNLYIRYDYYTWAELAYLWY,13.0594,FALSE,none
chr7:1487439,HLA-C03:03,INTS1,ENST00000404767,2635.Cgg/gg,843.R/X,PQGPPGGLPL,PQGPPRRPPP,YYAGYREKYRQTDVSNLYIRYDYYTWAELAYLWY,13.0594,FALSE,none
chr7:1487439,HLA-C03:03,INTS1,ENST00000404767,2635.Cgg/gg,843.R/X,QGPPGGLPLT,QGPPRRPPPH,YYAGYREKYRQTDVSNLYIRYDYYTWAELAYLWY,13.0594,FALSE,none
chr7:1487439,HLA-C03:03,INTS1,ENST00000404767,2635.Cgg/gg,843.R/X,GPPGGLPLTS,GPPRRPPPHI,YYAGYREKYRQTDVSNLYIRYDYYTWAELAYLWY,13.0594,FALSE,none
chr7:1487439,HLA-C03:03,INTS1,ENST00000404767,2635.Cgg/gg,843.R/X,TSLDPQGPPP,TSLDPQGPPR,YYAGYREKYRQTDVSNLYIRYDYYTWAELAYLWY,13.0594,FALSE,none
chr7:1487439,HLA-C14:02,INTS1,ENST00000404767,2635.Cgg/gg,843.R/X,TSLDPQGPPG,TSLDPQGPPR,YSAGYREKYRQTDVSNLYLWFDSYTWAERAYTWY,13.0594,FALSE,none
chr7:1487439,HLA-C14:02,INTS1,ENST00000404767,2635.Cgg/gg,843.R/X,SLDPQGPPGG,SLDPQGPPRR,YSAGYREKYRQTDVSNLYLWFDSYTWAERAYTWY,13.0594,FALSE,none
chr7:1487439,HLA-C14:02,INTS1,ENST00000404767,2635.Cgg/gg,843.R/X,DPQGPPGGLP,DPQGPPRRPP,YSAGYREKYRQTDVSNLYLWFDSYTWAERAYTWY,13.0594,FALSE,none
chr7:1487439,HLA-C14:02,INTS1,ENST00000404767,2635.Cgg/gg,843.R/X,PQGPPGGLPL,PQGPPRRPPP,YSAGYREKYRQTDVSNLYLWFDSYTWAERAYTWY,13.0594,FALSE,none
chr7:1487439,HLA-C14:02,INTS1,ENST00000404767,2635.Cgg/gg,843.R/X,QGPPGGLPLT,QGPPRRPPPH,YSAGYREKYRQTDVSNLYLWFDSYTWAERAYTWY,13.0594,FALSE,none
chr7:1487439,HLA-C14:02,INTS1,ENST00000404767,2635.Cgg/gg,843.R/X,GPPGGLPLTS,GPPRRPPPHI,YSAGYREKYRQTDVSNLYLWFDSYTWAERAYTWY,13.0594,FALSE,none
chr7:1487439,HLA-C14:02,INTS1,ENST00000404767,2635.Cgg/gg,843.R/X,TSLDPQGPPP,TSLDPQGPPR,YSAGYREKYRQTDVSNLYLWFDSYTWAERAYTWY,13.0594,FALSE,none
chr7:1487439,HLA-C14:02,INTS1,ENST00000404767,2635.Cgg/gg,843.R/X,SLDPQGPPPE,SLDPQGPPRR,YSAGYREKYRQTDVSNLYLWFDSYTWAERAYTWY,13.0594,FALSE,none
chr7:1487439,HLA-C14:02,INTS1,ENST00000404767,2635.Cgg/gg,843.R/X,LDPQGPPPEA,LDPQGPPRRP,YSAGYREKYRQTDVSNLYLWFDSYTWAERAYTWY,13.0594,FALSE,none
chr7:1487439,HLA-A11:01,INTS1,ENST00000404767,2635.Cgg/gg,843.R/X,LTSLDPQGPPG,LTSLDPQGPPR,YYAMYQENVAQTDVDTLYIIYRDYTWAAQAYRWY,13.0594,FALSE,none
chr7:1487439,HLA-A11:01,INTS1,ENST00000404767,2635.Cgg/gg,843.R/X,TSLDPQGPPGG,TSLDPQGPPRR,YYAMYQENVAQTDVDTLYIIYRDYTWAAQAYRWY,13.0594,FALSE,none
chr7:1487439,HLA-A11:01,INTS1,ENST00000404767,2635.Cgg/gg,843.R/X,SLDPQGPPGGL,SLDPQGPPRRP,YYAMYQENVAQTDVDTLYIIYRDYTWAAQAYRWY,13.0594,FALSE,none
chr7:1487439,HLA-A11:01,INTS1,ENST00000404767,2635.Cgg/gg,843.R/X,LDPQGPPGGLP,LDPQGPPRRPP,YYAMYQENVAQTDVDTLYIIYRDYTWAAQAYRWY,13.0594,FALSE,none
chr7:1487439,HLA-A11:01,INTS1,ENST00000404767,2635.Cgg/gg,843.R/X,PQGPPGGLPLT,PQGPPRRPPPH,YYAMYQENVAQTDVDTLYIIYRDYTWAAQAYRWY,13.0594,FALSE,none
chr7:1487439,HLA-A11:01,INTS1,ENST00000404767,2635.Cgg/gg,843.R/X,GPPGGLPLTSW,GPPRRPPPHIL,YYAMYQENVAQTDVDTLYIIYRDYTWAAQAYRWY,13.0594,FALSE,none
chr7:1487439,HLA-A11:01,INTS1,ENST00000404767,2635.Cgg/gg,843.R/X,PGGLPLTSWIK,PRRPPPHILDQ,YYAMYQENVAQTDVDTLYIIYRDYTWAAQAYRWY,13.0594,FALSE,none
chr7:1487439,HLA-A11:01,INTS1,ENST00000404767,2635.Cgg/gg,843.R/X,TSLDPQGPPPE,TSLDPQGPPRR,YYAMYQENVAQTDVDTLYIIYRDYTWAAQAYRWY,13.0594,FALSE,none
chr7:1487439,HLA-A11:01,INTS1,ENST00000404767,2635.Cgg/gg,843.R/X,SLDPQGPPPEA,SLDPQGPPRRP,YYAMYQENVAQTDVDTLYIIYRDYTWAAQAYRWY,13.0594,FALSE,none
chr7:1487439,HLA-B51:01,INTS1,ENST00000404767,2635.Cgg/gg,843.R/X,TSLDPQGPPGG,TSLDPQGPPRR,YYATYRNIFTNTYENIAYWTYNYYTWAELAYLWH,13.0594,FALSE,none
chr7:1487439,HLA-B51:01,INTS1,ENST00000404767,2635.Cgg/gg,843.R/X,SLDPQGPPGGL,SLDPQGPPRRP,YYATYRNIFTNTYENIAYWTYNYYTWAELAYLWH,13.0594,FALSE,none
chr7:1487439,HLA-B51:01,INTS1,ENST00000404767,2635.Cgg/gg,843.R/X,LDPQGPPGGLP,LDPQGPPRRPP,YYATYRNIFTNTYENIAYWTYNYYTWAELAYLWH,13.0594,FALSE,none
chr7:1487439,HLA-B51:01,INTS1,ENST00000404767,2635.Cgg/gg,843.R/X,DPQGPPGGLPL,DPQGPPRRPPP,YYATYRNIFTNTYENIAYWTYNYYTWAELAYLWH,13.0594,FALSE,none
chr7:1487439,HLA-B51:01,INTS1,ENST00000404767,2635.Cgg/gg,843.R/X,PQGPPGGLPLT,PQGPPRRPPPH,YYATYRNIFTNTYENIAYWTYNYYTWAELAYLWH,13.0594,FALSE,none
chr7:1487439,HLA-B51:01,INTS1,ENST00000404767,2635.Cgg/gg,843.R/X,QGPPGGLPLTS,QGPPRRPPPHI,YYATYRNIFTNTYENIAYWTYNYYTWAELAYLWH,13.0594,FALSE,none
chr7:1487439,HLA-B51:01,INTS1,ENST00000404767,2635.Cgg/gg,843.R/X,GPPGGLPLTSW,GPPRRPPPHIL,YYATYRNIFTNTYENIAYWTYNYYTWAELAYLWH,13.0594,FALSE,none
chr7:1487439,HLA-B51:01,INTS1,ENST00000404767,2635.Cgg/gg,843.R/X,PPGGLPLTSWI,PPRRPPPHILD,YYATYRNIFTNTYENIAYWTYNYYTWAELAYLWH,13.0594,FALSE,none
chr7:1487439,HLA-B51:01,INTS1,ENST00000404767,2635.Cgg/gg,843.R/X,TSLDPQGPPPE,TSLDPQGPPRR,YYATYRNIFTNTYENIAYWTYNYYTWAELAYLWH,13.0594,FALSE,none
chr7:1487439,HLA-B51:01,INTS1,ENST00000404767,2635.Cgg/gg,843.R/X,SLDPQGPPPEA,SLDPQGPPRRP,YYATYRNIFTNTYENIAYWTYNYYTWAELAYLWH,13.0594,FALSE,none
chr7:1487439,HLA-B51:01,INTS1,ENST00000404767,2635.Cgg/gg,843.R/X,DPQGPPPEASP,DPQGPPRRPPP,YYATYRNIFTNTYENIAYWTYNYYTWAELAYLWH,13.0594,FALSE,none
chr7:1487439,HLA-B51:01,INTS1,ENST00000404767,2635.Cgg/gg,843.R/X,PQGPPPEASPS,PQGPPRRPPPH,YYATYRNIFTNTYENIAYWTYNYYTWAELAYLWH,13.0594,FALSE,none
chr7:1487439,HLA-B51:01,INTS1,ENST00000404767,2635.Cgg/gg,843.R/X,PEASPSHPGSS,RRPPPHILDQV,YYATYRNIFTNTYENIAYWTYNYYTWAELAYLWH,13.0594,FALSE,none
chr7:1487439,HLA-B35:01,INTS1,ENST00000404767,2635.Cgg/gg,843.R/X,LTSLDPQGPPG,LTSLDPQGPPR,YYATYRNIFTNTYESNLYIRYDSYTWAVLAYLWY,13.0594,FALSE,none
chr7:1487439,HLA-B35:01,INTS1,ENST00000404767,2635.Cgg/gg,843.R/X,TSLDPQGPPGG,TSLDPQGPPRR,YYATYRNIFTNTYESNLYIRYDSYTWAVLAYLWY,13.0594,FALSE,none
chr7:1487439,HLA-B35:01,INTS1,ENST00000404767,2635.Cgg/gg,843.R/X,SLDPQGPPGGL,SLDPQGPPRRP,YYATYRNIFTNTYESNLYIRYDSYTWAVLAYLWY,13.0594,FALSE,none
chr7:1487439,HLA-B35:01,INTS1,ENST00000404767,2635.Cgg/gg,843.R/X,LDPQGPPGGLP,LDPQGPPRRPP,YYATYRNIFTNTYESNLYIRYDSYTWAVLAYLWY,13.0594,FALSE,none
chr7:1487439,HLA-B35:01,INTS1,ENST00000404767,2635.Cgg/gg,843.R/X,DPQGPPGGLPL,DPQGPPRRPPP,YYATYRNIFTNTYESNLYIRYDSYTWAVLAYLWY,13.0594,FALSE,none
chr7:1487439,HLA-B35:01,INTS1,ENST00000404767,2635.Cgg/gg,843.R/X,PQGPPGGLPLT,PQGPPRRPPPH,YYATYRNIFTNTYESNLYIRYDSYTWAVLAYLWY,13.0594,FALSE,none
chr7:1487439,HLA-B35:01,INTS1,ENST00000404767,2635.Cgg/gg,843.R/X,QGPPGGLPLTS,QGPPRRPPPHI,YYATYRNIFTNTYESNLYIRYDSYTWAVLAYLWY,13.0594,FALSE,none
chr7:1487439,HLA-B35:01,INTS1,ENST00000404767,2635.Cgg/gg,843.R/X,GPPGGLPLTSW,GPPRRPPPHIL,YYATYRNIFTNTYESNLYIRYDSYTWAVLAYLWY,13.0594,FALSE,none
chr7:1487439,HLA-B35:01,INTS1,ENST00000404767,2635.Cgg/gg,843.R/X,PPGGLPLTSWI,PPRRPPPHILD,YYATYRNIFTNTYESNLYIRYDSYTWAVLAYLWY,13.0594,FALSE,none
chr7:1487439,HLA-B35:01,INTS1,ENST00000404767,2635.Cgg/gg,843.R/X,PGGLPLTSWIK,PRRPPPHILDQ,YYATYRNIFTNTYESNLYIRYDSYTWAVLAYLWY,13.0594,FALSE,none
chr7:1487439,HLA-B35:01,INTS1,ENST00000404767,2635.Cgg/gg,843.R/X,LTSLDPQGPPP,LTSLDPQGPPR,YYATYRNIFTNTYESNLYIRYDSYTWAVLAYLWY,13.0594,FALSE,none
chr7:1487439,HLA-B35:01,INTS1,ENST00000404767,2635.Cgg/gg,843.R/X,TSLDPQGPPPE,TSLDPQGPPRR,YYATYRNIFTNTYESNLYIRYDSYTWAVLAYLWY,13.0594,FALSE,none
chr7:1487439,HLA-B35:01,INTS1,ENST00000404767,2635.Cgg/gg,843.R/X,SLDPQGPPPEA,SLDPQGPPRRP,YYATYRNIFTNTYESNLYIRYDSYTWAVLAYLWY,13.0594,FALSE,none
chr7:1487439,HLA-B35:01,INTS1,ENST00000404767,2635.Cgg/gg,843.R/X,DPQGPPPEASP,DPQGPPRRPPP,YYATYRNIFTNTYESNLYIRYDSYTWAVLAYLWY,13.0594,FALSE,none
chr7:1487439,HLA-B35:01,INTS1,ENST00000404767,2635.Cgg/gg,843.R/X,PQGPPPEASPS,PQGPPRRPPPH,YYATYRNIFTNTYESNLYIRYDSYTWAVLAYLWY,13.0594,FALSE,none
chr7:1487439,HLA-C03:03,INTS1,ENST00000404767,2635.Cgg/gg,843.R/X,TSLDPQGPPGG,TSLDPQGPPRR,YYAGYREKYRQTDVSNLYIRYDYYTWAELAYLWY,13.0594,FALSE,none
chr7:1487439,HLA-C03:03,INTS1,ENST00000404767,2635.Cgg/gg,843.R/X,SLDPQGPPGGL,SLDPQGPPRRP,YYAGYREKYRQTDVSNLYIRYDYYTWAELAYLWY,13.0594,FALSE,none
chr7:1487439,HLA-C03:03,INTS1,ENST00000404767,2635.Cgg/gg,843.R/X,LDPQGPPGGLP,LDPQGPPRRPP,YYAGYREKYRQTDVSNLYIRYDYYTWAELAYLWY,13.0594,FALSE,none
chr7:1487439,HLA-C03:03,INTS1,ENST00000404767,2635.Cgg/gg,843.R/X,PQGPPGGLPLT,PQGPPRRPPPH,YYAGYREKYRQTDVSNLYIRYDYYTWAELAYLWY,13.0594,FALSE,none
chr7:1487439,HLA-C03:03,INTS1,ENST00000404767,2635.Cgg/gg,843.R/X,QGPPGGLPLTS,QGPPRRPPPHI,YYAGYREKYRQTDVSNLYIRYDYYTWAELAYLWY,13.0594,FALSE,none
chr7:1487439,HLA-C03:03,INTS1,ENST00000404767,2635.Cgg/gg,843.R/X,LTSLDPQGPPP,LTSLDPQGPPR,YYAGYREKYRQTDVSNLYIRYDYYTWAELAYLWY,13.0594,FALSE,none
chr7:1487439,HLA-C03:03,INTS1,ENST00000404767,2635.Cgg/gg,843.R/X,TSLDPQGPPPE,TSLDPQGPPRR,YYAGYREKYRQTDVSNLYIRYDYYTWAELAYLWY,13.0594,FALSE,none
chr7:1487439,HLA-C03:03,INTS1,ENST00000404767,2635.Cgg/gg,843.R/X,SLDPQGPPPEA,SLDPQGPPRRP,YYAGYREKYRQTDVSNLYIRYDYYTWAELAYLWY,13.0594,FALSE,none
chr7:1487439,HLA-C14:02,INTS1,ENST00000404767,2635.Cgg/gg,843.R/X,LTSLDPQGPPG,LTSLDPQGPPR,YSAGYREKYRQTDVSNLYLWFDSYTWAERAYTWY,13.0594,FALSE,none
chr7:1487439,HLA-C14:02,INTS1,ENST00000404767,2635.Cgg/gg,843.R/X,TSLDPQGPPGG,TSLDPQGPPRR,YSAGYREKYRQTDVSNLYLWFDSYTWAERAYTWY,13.0594,FALSE,none
chr7:1487439,HLA-C14:02,INTS1,ENST00000404767,2635.Cgg/gg,843.R/X,SLDPQGPPGGL,SLDPQGPPRRP,YSAGYREKYRQTDVSNLYLWFDSYTWAERAYTWY,13.0594,FALSE,none
chr7:1487439,HLA-C14:02,INTS1,ENST00000404767,2635.Cgg/gg,843.R/X,LDPQGPPGGLP,LDPQGPPRRPP,YSAGYREKYRQTDVSNLYLWFDSYTWAERAYTWY,13.0594,FALSE,none
chr7:1487439,HLA-C14:02,INTS1,ENST00000404767,2635.Cgg/gg,843.R/X,DPQGPPGGLPL,DPQGPPRRPPP,YSAGYREKYRQTDVSNLYLWFDSYTWAERAYTWY,13.0594,FALSE,none
chr7:1487439,HLA-C14:02,INTS1,ENST00000404767,2635.Cgg/gg,843.R/X,PQGPPGGLPLT,PQGPPRRPPPH,YSAGYREKYRQTDVSNLYLWFDSYTWAERAYTWY,13.0594,FALSE,none
chr7:1487439,HLA-C14:02,INTS1,ENST00000404767,2635.Cgg/gg,843.R/X,GPPGGLPLTSW,GPPRRPPPHIL,YSAGYREKYRQTDVSNLYLWFDSYTWAERAYTWY,13.0594,FALSE,none
chr7:1487439,HLA-C14:02,INTS1,ENST00000404767,2635.Cgg/gg,843.R/X,LTSLDPQGPPP,LTSLDPQGPPR,YSAGYREKYRQTDVSNLYLWFDSYTWAERAYTWY,13.0594,FALSE,none
chr7:1487439,HLA-C14:02,INTS1,ENST00000404767,2635.Cgg/gg,843.R/X,TSLDPQGPPPE,TSLDPQGPPRR,YSAGYREKYRQTDVSNLYLWFDSYTWAERAYTWY,13.0594,FALSE,none
chr7:1487439,HLA-C14:02,INTS1,ENST00000404767,2635.Cgg/gg,843.R/X,SLDPQGPPPEA,SLDPQGPPRRP,YSAGYREKYRQTDVSNLYLWFDSYTWAERAYTWY,13.0594,FALSE,none
chr6:99934481-99934482,HLA-A11:01,MCHR2,ENST00000281806,938-939.ttc/ttTc,208.F/FX,TTFFSSTL,TTFFFPLP,YYAMYQENVAQTDVDTLYIIYRDYTWAAQAYRWY,0.0861212,FALSE,none
chr6:99934481-99934482,HLA-A11:01,MCHR2,ENST00000281806,938-939.ttc/ttTc,208.F/FX,FFSSTLDF,FFFPLPLI,YYAMYQENVAQTDVDTLYIIYRDYTWAAQAYRWY,0.0861212,FALSE,none
chr6:99934481-99934482,HLA-A11:01,MCHR2,ENST00000281806,938-939.ttc/ttTc,208.F/FX,STLDFGVL,PLPLILVC,YYAMYQENVAQTDVDTLYIIYRDYTWAAQAYRWY,0.0861212,FALSE,none
chr6:99934481-99934482,HLA-A11:01,MCHR2,ENST00000281806,938-939.ttc/ttTc,208.F/FX,TLDFGVLY,LPLILVCY,YYAMYQENVAQTDVDTLYIIYRDYTWAAQAYRWY,0.0861212,FALSE,none
chr6:99934481-99934482,HLA-B51:01,MCHR2,ENST00000281806,938-939.ttc/ttTc,208.F/FX,TTFFSSTL,TTFFFPLP,YYATYRNIFTNTYENIAYWTYNYYTWAELAYLWH,0.0861212,FALSE,none
chr6:99934481-99934482,HLA-B51:01,MCHR2,ENST00000281806,938-939.ttc/ttTc,208.F/FX,SSTLDFGV,FPLPLILV,YYATYRNIFTNTYENIAYWTYNYYTWAELAYLWH,0.0861212,FALSE,none
chr6:99934481-99934482,HLA-B51:01,MCHR2,ENST00000281806,938-939.ttc/ttTc,208.F/FX,STLDFGVL,PLPLILVC,YYATYRNIFTNTYENIAYWTYNYYTWAELAYLWH,0.0861212,FALSE,none
chr6:99934481-99934482,HLA-B35:01,MCHR2,ENST00000281806,938-939.ttc/ttTc,208.F/FX,TTFFSSTL,TTFFFPLP,YYATYRNIFTNTYESNLYIRYDSYTWAVLAYLWY,0.0861212,FALSE,none
chr6:99934481-99934482,HLA-B35:01,MCHR2,ENST00000281806,938-939.ttc/ttTc,208.F/FX,STLDFGVL,PLPLILVC,YYATYRNIFTNTYESNLYIRYDSYTWAVLAYLWY,0.0861212,FALSE,none
chr6:99934481-99934482,HLA-B35:01,MCHR2,ENST00000281806,938-939.ttc/ttTc,208.F/FX,TLDFGVLY,LPLILVCY,YYATYRNIFTNTYESNLYIRYDSYTWAVLAYLWY,0.0861212,FALSE,none
chr6:99934481-99934482,HLA-C03:03,MCHR2,ENST00000281806,938-939.ttc/ttTc,208.F/FX,TTFFSSTL,TTFFFPLP,YYAGYREKYRQTDVSNLYIRYDYYTWAELAYLWY,0.0861212,FALSE,none
chr6:99934481-99934482,HLA-C03:03,MCHR2,ENST00000281806,938-939.ttc/ttTc,208.F/FX,FFSSTLDF,FFFPLPLI,YYAGYREKYRQTDVSNLYIRYDYYTWAELAYLWY,0.0861212,FALSE,none
chr6:99934481-99934482,HLA-C03:03,MCHR2,ENST00000281806,938-939.ttc/ttTc,208.F/FX,SSTLDFGV,FPLPLILV,YYAGYREKYRQTDVSNLYIRYDYYTWAELAYLWY,0.0861212,FALSE,none
chr6:99934481-99934482,HLA-C03:03,MCHR2,ENST00000281806,938-939.ttc/ttTc,208.F/FX,STLDFGVL,PLPLILVC,YYAGYREKYRQTDVSNLYIRYDYYTWAELAYLWY,0.0861212,FALSE,none
chr6:99934481-99934482,HLA-C03:03,MCHR2,ENST00000281806,938-939.ttc/ttTc,208.F/FX,TLDFGVLY,LPLILVCY,YYAGYREKYRQTDVSNLYIRYDYYTWAELAYLWY,0.0861212,FALSE,none
chr6:99934481-99934482,HLA-C14:02,MCHR2,ENST00000281806,938-939.ttc/ttTc,208.F/FX,TTFFSSTL,TTFFFPLP,YSAGYREKYRQTDVSNLYLWFDSYTWAERAYTWY,0.0861212,FALSE,none
chr6:99934481-99934482,HLA-C14:02,MCHR2,ENST00000281806,938-939.ttc/ttTc,208.F/FX,FFSSTLDF,FFFPLPLI,YSAGYREKYRQTDVSNLYLWFDSYTWAERAYTWY,0.0861212,FALSE,none
chr6:99934481-99934482,HLA-C14:02,MCHR2,ENST00000281806,938-939.ttc/ttTc,208.F/FX,SSTLDFGV,FPLPLILV,YSAGYREKYRQTDVSNLYLWFDSYTWAERAYTWY,0.0861212,FALSE,none
chr6:99934481-99934482,HLA-C14:02,MCHR2,ENST00000281806,938-939.ttc/ttTc,208.F/FX,STLDFGVL,PLPLILVC,YSAGYREKYRQTDVSNLYLWFDSYTWAERAYTWY,0.0861212,FALSE,none
chr6:99934481-99934482,HLA-C14:02,MCHR2,ENST00000281806,938-939.ttc/ttTc,208.F/FX,TLDFGVLY,LPLILVCY,YSAGYREKYRQTDVSNLYLWFDSYTWAERAYTWY,0.0861212,FALSE,none
chr6:99934481-99934482,HLA-A11:01,MCHR2,ENST00000281806,938-939.ttc/ttTc,208.F/FX,ITTFFSSTL,ITTFFFPLP,YYAMYQENVAQTDVDTLYIIYRDYTWAAQAYRWY,0.0861212,FALSE,none
chr6:99934481-99934482,HLA-A11:01,MCHR2,ENST00000281806,938-939.ttc/ttTc,208.F/FX,STLDFGVLY,PLPLILVCY,YYAMYQENVAQTDVDTLYIIYRDYTWAAQAYRWY,0.0861212,FALSE,none
chr6:99934481-99934482,HLA-B51:01,MCHR2,ENST00000281806,938-939.ttc/ttTc,208.F/FX,ITTFFSSTL,ITTFFFPLP,YYATYRNIFTNTYENIAYWTYNYYTWAELAYLWH,0.0861212,FALSE,none
chr6:99934481-99934482,HLA-B51:01,MCHR2,ENST00000281806,938-939.ttc/ttTc,208.F/FX,FSSTLDFGV,FFPLPLILV,YYATYRNIFTNTYENIAYWTYNYYTWAELAYLWH,0.0861212,FALSE,none
chr6:99934481-99934482,HLA-B51:01,MCHR2,ENST00000281806,938-939.ttc/ttTc,208.F/FX,SSTLDFGVL,FPLPLILVC,YYATYRNIFTNTYENIAYWTYNYYTWAELAYLWH,0.0861212,FALSE,none
chr6:99934481-99934482,HLA-B35:01,MCHR2,ENST00000281806,938-939.ttc/ttTc,208.F/FX,STLDFGVLY,PLPLILVCY,YYATYRNIFTNTYESNLYIRYDSYTWAVLAYLWY,0.0861212,FALSE,none
chr6:99934481-99934482,HLA-C03:03,MCHR2,ENST00000281806,938-939.ttc/ttTc,208.F/FX,ITTFFSSTL,ITTFFFPLP,YYAGYREKYRQTDVSNLYIRYDYYTWAELAYLWY,0.0861212,FALSE,none
chr6:99934481-99934482,HLA-C03:03,MCHR2,ENST00000281806,938-939.ttc/ttTc,208.F/FX,FSSTLDFGV,FFPLPLILV,YYAGYREKYRQTDVSNLYIRYDYYTWAELAYLWY,0.0861212,FALSE,none
chr6:99934481-99934482,HLA-C03:03,MCHR2,ENST00000281806,938-939.ttc/ttTc,208.F/FX,SSTLDFGVL,FPLPLILVC,YYAGYREKYRQTDVSNLYIRYDYYTWAELAYLWY,0.0861212,FALSE,none
chr6:99934481-99934482,HLA-C03:03,MCHR2,ENST00000281806,938-939.ttc/ttTc,208.F/FX,STLDFGVLY,PLPLILVCY,YYAGYREKYRQTDVSNLYIRYDYYTWAELAYLWY,0.0861212,FALSE,none
chr6:99934481-99934482,HLA-C14:02,MCHR2,ENST00000281806,938-939.ttc/ttTc,208.F/FX,ITTFFSSTL,ITTFFFPLP,YSAGYREKYRQTDVSNLYLWFDSYTWAERAYTWY,0.0861212,FALSE,none
chr6:99934481-99934482,HLA-C14:02,MCHR2,ENST00000281806,938-939.ttc/ttTc,208.F/FX,TFFSSTLDF,TFFFPLPLI,YSAGYREKYRQTDVSNLYLWFDSYTWAERAYTWY,0.0861212,FALSE,none
chr6:99934481-99934482,HLA-C14:02,MCHR2,ENST00000281806,938-939.ttc/ttTc,208.F/FX,FSSTLDFGV,FFPLPLILV,YSAGYREKYRQTDVSNLYLWFDSYTWAERAYTWY,0.0861212,FALSE,none
chr6:99934481-99934482,HLA-C14:02,MCHR2,ENST00000281806,938-939.ttc/ttTc,208.F/FX,SSTLDFGVL,FPLPLILVC,YSAGYREKYRQTDVSNLYLWFDSYTWAERAYTWY,0.0861212,FALSE,none
chr6:99934481-99934482,HLA-C14:02,MCHR2,ENST00000281806,938-939.ttc/ttTc,208.F/FX,STLDFGVLY,PLPLILVCY,YSAGYREKYRQTDVSNLYLWFDSYTWAERAYTWY,0.0861212,FALSE,none
chr6:99934481-99934482,HLA-C14:02,MCHR2,ENST00000281806,938-939.ttc/ttTc,208.F/FX,TLDFGVLYF,LPLILVCYI,YSAGYREKYRQTDVSNLYLWFDSYTWAERAYTWY,0.0861212,FALSE,none
chr6:99934481-99934482,HLA-A11:01,MCHR2,ENST00000281806,938-939.ttc/ttTc,208.F/FX,TITTFFSSTL,TITTFFFPLP,YYAMYQENVAQTDVDTLYIIYRDYTWAAQAYRWY,0.0861212,FALSE,none
chr6:99934481-99934482,HLA-A11:01,MCHR2,ENST00000281806,938-939.ttc/ttTc,208.F/FX,FFSSTLDFGV,FFFPLPLILV,YYAMYQENVAQTDVDTLYIIYRDYTWAAQAYRWY,0.0861212,FALSE,none
chr6:99934481-99934482,HLA-A11:01,MCHR2,ENST00000281806,938-939.ttc/ttTc,208.F/FX,STLDFGVLYF,PLPLILVCYI,YYAMYQENVAQTDVDTLYIIYRDYTWAAQAYRWY,0.0861212,FALSE,none
chr6:99934481-99934482,HLA-B51:01,MCHR2,ENST00000281806,938-939.ttc/ttTc,208.F/FX,FFSSTLDFGV,FFFPLPLILV,YYATYRNIFTNTYENIAYWTYNYYTWAELAYLWH,0.0861212,FALSE,none
chr6:99934481-99934482,HLA-B51:01,MCHR2,ENST00000281806,938-939.ttc/ttTc,208.F/FX,FSSTLDFGVL,FFPLPLILVC,YYATYRNIFTNTYENIAYWTYNYYTWAELAYLWH,0.0861212,FALSE,none
chr6:99934481-99934482,HLA-B35:01,MCHR2,ENST00000281806,938-939.ttc/ttTc,208.F/FX,FSSTLDFGVL,FFPLPLILVC,YYATYRNIFTNTYESNLYIRYDSYTWAVLAYLWY,0.0861212,FALSE,none
chr6:99934481-99934482,HLA-C03:03,MCHR2,ENST00000281806,938-939.ttc/ttTc,208.F/FX,TITTFFSSTL,TITTFFFPLP,YYAGYREKYRQTDVSNLYIRYDYYTWAELAYLWY,0.0861212,FALSE,none
chr6:99934481-99934482,HLA-C03:03,MCHR2,ENST00000281806,938-939.ttc/ttTc,208.F/FX,TTFFSSTLDF,TTFFFPLPLI,YYAGYREKYRQTDVSNLYIRYDYYTWAELAYLWY,0.0861212,FALSE,none
chr6:99934481-99934482,HLA-C03:03,MCHR2,ENST00000281806,938-939.ttc/ttTc,208.F/FX,FFSSTLDFGV,FFFPLPLILV,YYAGYREKYRQTDVSNLYIRYDYYTWAELAYLWY,0.0861212,FALSE,none
chr6:99934481-99934482,HLA-C03:03,MCHR2,ENST00000281806,938-939.ttc/ttTc,208.F/FX,FSSTLDFGVL,FFPLPLILVC,YYAGYREKYRQTDVSNLYIRYDYYTWAELAYLWY,0.0861212,FALSE,none
chr6:99934481-99934482,HLA-C03:03,MCHR2,ENST00000281806,938-939.ttc/ttTc,208.F/FX,SSTLDFGVLY,FPLPLILVCY,YYAGYREKYRQTDVSNLYIRYDYYTWAELAYLWY,0.0861212,FALSE,none
chr6:99934481-99934482,HLA-C03:03,MCHR2,ENST00000281806,938-939.ttc/ttTc,208.F/FX,STLDFGVLYF,PLPLILVCYI,YYAGYREKYRQTDVSNLYIRYDYYTWAELAYLWY,0.0861212,FALSE,none
chr6:99934481-99934482,HLA-C14:02,MCHR2,ENST00000281806,938-939.ttc/ttTc,208.F/FX,TITTFFSSTL,TITTFFFPLP,YSAGYREKYRQTDVSNLYLWFDSYTWAERAYTWY,0.0861212,FALSE,none
chr6:99934481-99934482,HLA-C14:02,MCHR2,ENST00000281806,938-939.ttc/ttTc,208.F/FX,TTFFSSTLDF,TTFFFPLPLI,YSAGYREKYRQTDVSNLYLWFDSYTWAERAYTWY,0.0861212,FALSE,none
chr6:99934481-99934482,HLA-C14:02,MCHR2,ENST00000281806,938-939.ttc/ttTc,208.F/FX,FFSSTLDFGV,FFFPLPLILV,YSAGYREKYRQTDVSNLYLWFDSYTWAERAYTWY,0.0861212,FALSE,none
chr6:99934481-99934482,HLA-C14:02,MCHR2,ENST00000281806,938-939.ttc/ttTc,208.F/FX,FSSTLDFGVL,FFPLPLILVC,YSAGYREKYRQTDVSNLYLWFDSYTWAERAYTWY,0.0861212,FALSE,none
chr6:99934481-99934482,HLA-C14:02,MCHR2,ENST00000281806,938-939.ttc/ttTc,208.F/FX,SSTLDFGVLY,FPLPLILVCY,YSAGYREKYRQTDVSNLYLWFDSYTWAERAYTWY,0.0861212,FALSE,none
chr6:99934481-99934482,HLA-C14:02,MCHR2,ENST00000281806,938-939.ttc/ttTc,208.F/FX,STLDFGVLYF,PLPLILVCYI,YSAGYREKYRQTDVSNLYLWFDSYTWAERAYTWY,0.0861212,FALSE,none
chr6:99934481-99934482,HLA-A11:01,MCHR2,ENST00000281806,938-939.ttc/ttTc,208.F/FX,LTITTFFSSTL,LTITTFFFPLP,YYAMYQENVAQTDVDTLYIIYRDYTWAAQAYRWY,0.0861212,FALSE,none
chr6:99934481-99934482,HLA-A11:01,MCHR2,ENST00000281806,938-939.ttc/ttTc,208.F/FX,FFSSTLDFGVL,FFFPLPLILVC,YYAMYQENVAQTDVDTLYIIYRDYTWAAQAYRWY,0.0861212,FALSE,none
chr6:99934481-99934482,HLA-B51:01,MCHR2,ENST00000281806,938-939.ttc/ttTc,208.F/FX,LTITTFFSSTL,LTITTFFFPLP,YYATYRNIFTNTYENIAYWTYNYYTWAELAYLWH,0.0861212,FALSE,none
chr6:99934481-99934482,HLA-B35:01,MCHR2,ENST00000281806,938-939.ttc/ttTc,208.F/FX,LTITTFFSSTL,LTITTFFFPLP,YYATYRNIFTNTYESNLYIRYDSYTWAVLAYLWY,0.0861212,FALSE,none
chr6:99934481-99934482,HLA-B35:01,MCHR2,ENST00000281806,938-939.ttc/ttTc,208.F/FX,FSSTLDFGVLY,FFPLPLILVCY,YYATYRNIFTNTYESNLYIRYDSYTWAVLAYLWY,0.0861212,FALSE,none
chr6:99934481-99934482,HLA-C03:03,MCHR2,ENST00000281806,938-939.ttc/ttTc,208.F/FX,LTITTFFSSTL,LTITTFFFPLP,YYAGYREKYRQTDVSNLYIRYDYYTWAELAYLWY,0.0861212,FALSE,none
chr6:99934481-99934482,HLA-C03:03,MCHR2,ENST00000281806,938-939.ttc/ttTc,208.F/FX,TITTFFSSTLD,TITTFFFPLPL,YYAGYREKYRQTDVSNLYIRYDYYTWAELAYLWY,0.0861212,FALSE,none
chr6:99934481-99934482,HLA-C03:03,MCHR2,ENST00000281806,938-939.ttc/ttTc,208.F/FX,ITTFFSSTLDF,ITTFFFPLPLI,YYAGYREKYRQTDVSNLYIRYDYYTWAELAYLWY,0.0861212,FALSE,none
chr6:99934481-99934482,HLA-C03:03,MCHR2,ENST00000281806,938-939.ttc/ttTc,208.F/FX,FFSSTLDFGVL,FFFPLPLILVC,YYAGYREKYRQTDVSNLYIRYDYYTWAELAYLWY,0.0861212,FALSE,none
chr6:99934481-99934482,HLA-C03:03,MCHR2,ENST00000281806,938-939.ttc/ttTc,208.F/FX,FSSTLDFGVLY,FFPLPLILVCY,YYAGYREKYRQTDVSNLYIRYDYYTWAELAYLWY,0.0861212,FALSE,none
chr6:99934481-99934482,HLA-C03:03,MCHR2,ENST00000281806,938-939.ttc/ttTc,208.F/FX,SSTLDFGVLYF,FPLPLILVCYI,YYAGYREKYRQTDVSNLYIRYDYYTWAELAYLWY,0.0861212,FALSE,none
chr6:99934481-99934482,HLA-C14:02,MCHR2,ENST00000281806,938-939.ttc/ttTc,208.F/FX,LYLTITTFFSS,LYLTITTFFFP,YSAGYREKYRQTDVSNLYLWFDSYTWAERAYTWY,0.0861212,FALSE,none
chr6:99934481-99934482,HLA-C14:02,MCHR2,ENST00000281806,938-939.ttc/ttTc,208.F/FX,YLTITTFFSST,YLTITTFFFPL,YSAGYREKYRQTDVSNLYLWFDSYTWAERAYTWY,0.0861212,FALSE,none
chr6:99934481-99934482,HLA-C14:02,MCHR2,ENST00000281806,938-939.ttc/ttTc,208.F/FX,LTITTFFSSTL,LTITTFFFPLP,YSAGYREKYRQTDVSNLYLWFDSYTWAERAYTWY,0.0861212,FALSE,none
chr6:99934481-99934482,HLA-C14:02,MCHR2,ENST00000281806,938-939.ttc/ttTc,208.F/FX,TITTFFSSTLD,TITTFFFPLPL,YSAGYREKYRQTDVSNLYLWFDSYTWAERAYTWY,0.0861212,FALSE,none
chr6:99934481-99934482,HLA-C14:02,MCHR2,ENST00000281806,938-939.ttc/ttTc,208.F/FX,ITTFFSSTLDF,ITTFFFPLPLI,YSAGYREKYRQTDVSNLYLWFDSYTWAERAYTWY,0.0861212,FALSE,none
chr6:99934481-99934482,HLA-C14:02,MCHR2,ENST00000281806,938-939.ttc/ttTc,208.F/FX,TFFSSTLDFGV,TFFFPLPLILV,YSAGYREKYRQTDVSNLYLWFDSYTWAERAYTWY,0.0861212,FALSE,none
chr6:99934481-99934482,HLA-C14:02,MCHR2,ENST00000281806,938-939.ttc/ttTc,208.F/FX,FFSSTLDFGVL,FFFPLPLILVC,YSAGYREKYRQTDVSNLYLWFDSYTWAERAYTWY,0.0861212,FALSE,none
chr6:99934481-99934482,HLA-C14:02,MCHR2,ENST00000281806,938-939.ttc/ttTc,208.F/FX,FSSTLDFGVLY,FFPLPLILVCY,YSAGYREKYRQTDVSNLYLWFDSYTWAERAYTWY,0.0861212,FALSE,none
chr6:99934481-99934482,HLA-C14:02,MCHR2,ENST00000281806,938-939.ttc/ttTc,208.F/FX,SSTLDFGVLYF,FPLPLILVCYI,YSAGYREKYRQTDVSNLYLWFDSYTWAERAYTWY,0.0861212,FALSE,none
